1001,Susan Exantus,1,3
1002,Sandra Martin,1,3
1003,Keyla Del Bosque,1,3
1004,Andrew Szabo,1,3
1005,Luke Patronick,1,3
1006,Colby Andreola,1,3
1007,Edward TRUE,1,3
1008,Judith Carabbio,1,3
1009,Adell Saada,1,3
1010,Kamari Hunter,1,3
1011,Sarah Malone,1,3
1012,Skyler Blackwell,1,3
1013,Jasmin Shah,1,3
1014,Kole Quinn,1,3
1015,Ansley Jackson,1,3
1016,Jayda Reese,1,3
1017,Julien Whitehead,1,3
1018,Alan Haynes,1,3
1019,Kamryn Herrera,1,3
1020,Kelvin Foster,1,3
1021,Joe Fletcher,1,3
1022,Frederick Howe,1,3
1023,Nickolas Davila,1,3
1024,Kasey Boyer,1,3
1025,Giovanni Jenkins,1,3
1026,Alexis Moss,1,3
1027,Joanna Murphy,1,3
1028,Joseph Schmidt,1,3
1029,Brittany Hurley,1,3
1030,Niko Hamilton,1,3
1031,Ruben Martinez,1,3
1032,Kiley Haynes,1,3
1033,Blaine Brooks,1,3
1034,Dennis Livingston,1,3
1035,Case Russell,1,3
1036,Kody Jimenez,1,3
1037,Zoe Colon,1,3
1038,Courtney Cowan,1,3
1039,Nolan Perez,1,3
1040,Katrina Farrell,1,3
1041,Camden Kelly,1,3
1042,Milo Hood,1,3
1043,Kale Lang,1,3
1044,Shyanne Stark,1,3
1045,Elliott Ashley,1,3
1046,Genesis Todd,1,3
1047,Sincere Jimenez,1,3
1048,Stephen Daugherty,1,3
1049,Demarion Morrow,1,3
1050,Steven Schneider,1,3
1051,Devon Hinton,1,3
1052,Jacquelyn Johns,1,3
1053,Blaine Keith,1,3
1054,Phillip Salazar,1,3
1055,Chaz Webb,1,3
1056,Desmond Anderson,1,3
1057,Sophie Decker,1,3
1058,Lena Bryan,1,3
1059,Kelsie Mccormick,1,3
1060,Frida Livingston,1,3
1061,Isai Alvarado,1,3
1062,Travis Vasquez,1,3
1063,Jazlene Maynard,1,3
1064,Wyatt Donovan,1,3
1065,Nathaly Cooper,1,3
1066,Gage Weeks,1,3
1067,Gavin Frye,1,3
1068,Amber Ross,1,3
1069,Wyatt Edwards,1,3
1070,Karla Reed,1,3
1071,Yadira Mcmillan,1,3
1072,Fernando Mcconnell,1,3
1073,Sean Bean,1,3
1074,Lilianna Mccall,1,3
1075,Salvador Thomas,1,3
1076,Jair Silva,1,3
1077,Derek Moreno,1,3
1078,Litzy Conner,1,3
1079,Joanna Burnett,1,3
1080,Abdullah Frederick,1,3
1081,Armani Porter,1,3
1082,Taylor Sanders,1,3
1083,Iliana Randall,1,3
1084,Luke Henderson,1,3
1085,Madelyn Lambert,1,3
1086,Ava Pace,1,3
1087,Delaney Bruce,1,3
1088,Jair Bullock,1,3
1089,Kayla Farrell,1,3
1090,Taylor Gamble,1,3
1091,Carl Desimone,1,3
1092,Sophia Theamstern,1,3
1093,Kara Harrison,1,3
1094,Ming Huynh,1,3
1095,Karen Mancuso,1,3
1096,Linda Anderson,1,3
1097,Nilson Fernandes,1,3
1098,Alain Robinson,1,3
1099,Seffi Shields,1,3
1100,Horia Ndzi,1,3
1101,Evelyn Girifalco,1,3
1102,Ermine Pelletier,1,3
1103,Samuel MacLennan,1,3
1104,Sean Bernstein,1,3
1105,Shakira Perry,1,3
1106,Michael J Fitzpatrick,1,3
1107,Cybil Trzeciak,1,3
1108,Barry Wilber,1,3
1109,Enola Chivukula,1,3
1110,Joelle Burke,1,3
1111,Alexandra Kirill,1,3
1112,Celeste Johnson,1,3
1113,Nathalia Hendrix,1,3
1114,Justus Bowen,1,3
1115,Marcus Bender,1,3
1116,Ryker Logan,1,3
1117,Payten Middleton,1,3
1118,Harrison Hunt,1,3
1119,Orlando Henderson,1,3
1120,Darian Potts,1,3
1121,Isabela Collins,1,3
1122,Sierra Macias,1,3
1123,Giuliana Farmer,1,3
1124,Pierce Robbins,1,3
1125,Lamont Bridges,1,3
1126,Gretchen Richard,1,3
1127,Axel Hart,1,3
1128,Emma Escobar,1,3
1129,Maximilian Craig,1,3
1130,Erik Padilla,1,3
1131,Gilbert Duffy,1,3
1132,Raymond Ayers,1,3
1133,Vincent Wyatt,1,3
1134,Micah Stanley,1,3
1135,Evan Chen,1,3
1136,Serenity Thornton,1,3
1137,Talan Rivas,1,3
1138,Calvin Braun,1,3
1139,Cale Bender,1,3
1140,Kirsten Vance,1,3
1141,Cade Cox,1,3
1142,Ibrahim Wolfe,1,3
1143,Elianna Schmitt,1,3
1144,Colby Wolfe,1,3
1145,Autumn Barrera,1,3
1146,Emmalee Cervantes,1,3
1147,Ernest Willis,1,3
1148,Jaxon Anderson,1,3
1149,Precious Caldwell,1,3
1150,Yahir Serrano,1,3
1151,Krystal Peterson,1,3
1152,Jadyn Haley,1,3
1153,Davis Roberts,1,3
1154,Meadow Avery,1,3
1155,Allyson Owen,1,3
1156,Francisco Simon,1,3
1157,Trent Christian,1,3
1158,Chaya Boyd,1,3
1159,Nehemiah Rivas,1,3
1160,Wyatt Spence,1,3
1161,Abram Fisher,1,3
1162,Jayleen Oconnell,1,3
1163,Jordon Meadows,1,3
1164,Justice Pineda,1,3
1165,Isiah Decker,1,3
1166,Giada Boone,1,3
1167,Camryn Guerra,1,3
1168,Melody Rollins,1,3
1169,Lucia Cummings,1,3
1170,Jaylen Serrano,1,3
1171,Jayson Bright,1,3
1172,Carlie Wilkerson,1,3
1173,Kaylyn Patrick,1,3
1174,Evie Pope,1,3
1175,Nayeli Kelley,1,3
1176,Krista Franco,1,3
1177,Teresa Farrell,1,3
1178,Dorian Fox,1,3
1179,Madeleine Sherman,1,3
1180,Allan Butler,1,3
1181,Nevaeh Davila,1,3
1182,Gunnar Webster,1,3
1183,Aydin Tate,1,3
1184,Patrick Mckinney,1,3
1185,Milagros Foley,1,3
1186,Rachael Buck,1,3
1187,Rigoberto Townsend,1,3
1188,Reagan Odonnell,1,3
1189,Roy Morse,1,3
1190,Rafael Buchanan,1,3
1191,Kaitlynn Herman,1,3
1192,Marquise Santana,1,3
1193,Jamarion Mitchell,1,3
1194,Gabrielle Hardy,1,3
1195,Savion Stokes,1,3
1196,Trevin Summers,1,3
1197,Hailie Bell,1,3
1198,Audrey Stevens,1,3
1199,Jason Munoz,1,3
1200,Carlee Foley,1,3
1201,Sarahi Dodson,1,3
1202,Faith Carey,1,3
1203,Mylie Salazar,1,3
1204,Pablo Parker,1,3
1205,Ulises Shea,1,3
1206,Bethany Terry,1,3
1207,Kamari Holloway,1,3
1208,Jazlene Mcdaniel,1,3
1209,Dane Kelly,1,3
1210,Camila Dunn,1,3
1211,Aurora Frederick,1,3
1212,Caylee Nunez,1,3
1213,Tamia Sharp,1,3
1214,Jaliyah Gamble,1,3
1215,Xander Savage,1,3
1216,Marc Crosby,1,3
1217,Marques Zimmerman,1,3
1218,Livia Salazar,1,3
1219,Alana Choi,1,3
1220,Levi Lawson,1,3
1221,Kane Black,1,3
1222,Paola Weeks,1,3
1223,Brooklynn Mack,1,3
1224,Darrell Zamora,1,3
1225,Irvin Warner,1,3
1226,Dayton Castro,1,3
1227,Hailey Mckay,1,3
1228,Jaquan Rowland,1,3
1229,David Velez,1,3
1230,Joslyn Patel,1,3
1231,Colt Archer,1,3
1232,Abbigail Cameron,1,3
1233,Anastasia Escobar,1,3
1234,Ronin Mclaughlin,1,3
1235,Aliana Pena,1,3
1236,Ramon Goodwin,1,3
1237,Cory Saunders,1,3
1238,Alessandra Huynh,1,3
1239,Maeve Holmes,1,3
1240,Alejandra Mclean,1,3
1241,Reuben Potter,1,3
1242,Marilyn Greer,1,3
1243,Camila Nichols,1,3
1244,Iris Bruce,1,3
1245,Henry Pratt,1,3
1246,Kira Soto,1,3
1247,Ashanti Scott,1,3
1248,Sarahi Burke,1,3
1249,Aimee Terry,1,3
1250,Jerimiah Jackson,1,3
1251,Callie Murray,1,3
1252,Fabian Young,1,3
1253,Juliette Morton,1,3
1254,Alyvia Sellers,1,3
1255,Tyler Gay,1,3
1256,Noemi Randall,1,3
1257,Jazlene Lozano,1,3
1258,Jennifer Salazar,1,3
1259,Vaughn Leonard,1,3
1260,Caitlin Robertson,1,3
1261,Elyse Huerta,1,3
1262,Kyle Sanders,1,3
1263,Barrett Jennings,1,3
1264,Darius Koch,1,3
1265,Kolton Dawson,1,3
1266,Ciara Cole,1,3
1267,Virginia Wallace,1,3
1268,Malik Ochoa,1,3
1269,Elyse Pratt,1,3
1270,Yahir Hill,1,3
1271,Harley Abbott,1,3
1272,Dawson Pratt,1,3
1273,Michaela Smith,1,3
1274,Lillie Leblanc,1,3
1275,Sincere Rivera,1,3
1276,Lucas Good,1,3
1277,Jonas Hernandez,1,3
1278,Cason Tyler,1,3
1279,Malachi Singleton,1,3
1280,Natalie Christensen,1,3
1281,Jordyn Sheppard,1,3
1282,Rohan Matthews,1,3
1283,Taniya Stafford,1,3
1284,Cherish Preston,1,3
1285,Briley Hanson,1,3
1286,Hugo Tate,1,3
1287,Daniel Griffin,1,3
1288,Dakota Salinas,1,3
1289,Janiyah Ballard,1,3
1290,Annika Malone,1,3
1291,Celeste Lin,1,3
1292,Larissa Warner,1,3
1293,Lawrence Cross,1,3
1294,Kara Barnes,1,3
1295,Emery Schmidt,1,3
1296,Adalyn Vaughan,1,3
1297,Chase Lloyd,1,3
1298,Hallie Delacruz,1,3
1299,Tia Atkins,1,3
1300,Nia Nicholson,1,3
1301,Lilian Norton,1,3
1302,Aliana Pennington,1,3
1303,Estrella Benitez,1,3
1304,Kylie Gilbert,1,3
1305,Oscar Munoz,1,3
1306,Dane Barton,1,3
1307,Dexter Cline,1,3
1308,Atticus Frost,1,3
1309,Yamilet Cohen,1,3
1310,Emmalee Reynolds,1,3
1311,Moshe Taylor,1,3
1312,Irene Melton,1,3
1313,Eddie Whitney,1,3
1314,Marcel Gomez,1,3
1315,Amy Foster-Baker,1,3
1316,Janet King,1,3
1317,Bonalyn Boutwell,1,3
1318,Nan Singh,1,3
1319,Tyrone Steans,1,3
1320,Estelle Howard,1,3
1321,William LaRotonda,1,3
1322,Mia Brown,1,3
1323,Leigh Ann Smith,1,3
1324,Peter Foley,1,3
1325,Maximus Carney,1,3
1326,Jaida Sweeney,1,3
1327,Rhys Lawson,1,3
1328,Skyler Robles,1,3
1329,Allyson Keller,1,3
1330,Eddie Bauer,1,3
1331,Roger Taylor,1,3
1332,Marshall Sellers,1,3
1333,Cloe Mcgrath,1,3
1334,Susan Gordon,1,3
1335,Makenna Newton,1,3
1336,Kellen Smith,1,3
1337,Sherlyn Carroll,1,3
1338,Rogelio Flores,1,3
1339,Kadence Gentry,1,3
1340,Willow Golden,1,3
1341,Amiyah Sims,1,3
1342,Jeffery Hogan,1,3
1343,Shaniya Hamilton,1,3
1344,Johan Willis,1,3
1345,Seth Alvarez,1,3
1346,Aron Grant,1,3
1347,Haleigh Carter,1,3
1348,Tatiana Ayala,1,3
1349,Kaylynn Mcguire,1,3
1350,Timothy Villarreal,1,3
1351,Elliott Petersen,1,3
1352,Lily Tyler,1,3
1353,Noe Mann,1,3
1354,Christina Terry,1,3
1355,Niko Durham,1,3
1356,Dante Strong,1,3
1357,Angeline Perez,1,3
1358,Jairo Blanchard,1,3
1359,Rishi Watkins,1,3
1360,Immanuel Goodwin,1,3
1361,Elle Berry,1,3
1362,Raphael Francis,1,3
1363,Hadley Barrett,1,3
1364,Mollie Jenkins,1,3
1365,Cali Nolan,1,3
1366,Malik Crane,1,3
1367,Bryce Higgins,1,3
1368,Beatrice Bean,1,3
1369,Shea Novak,1,3
1370,Mateo Mcdaniel,1,3
1371,Arianna Carlson,1,3
1372,Frankie Davenport,1,3
1373,Morgan Hammond,1,3
1374,Judith Mccullough,1,3
1375,Luca Francis,1,3
1376,Mallory Figueroa,1,3
1377,Larissa Douglas,1,3
1378,Konnor Rivas,1,3
1379,Fernanda Yu,1,3
1380,Solomon Paul,1,3
1381,Emiliano Young,1,3
1382,Mason Ellis,1,3
1383,Athena Moore,1,3
1384,Karla Farrell,1,3
1385,Anderson Meadows,1,3
1386,Jacey Braun,1,3
1387,Nathan Kline,1,3
1388,Gabriella Benitez,1,3
1389,Juan Gonzalez,1,3
1390,Cayo Gonzalez,1,3
1391,Taylor Sparks,1,3
1392,Jeanette Tippett,1,3
1393,Rose Ivey,1,3
1394,Elijian Clukey,1,3
1395,Jordan Winthrop,1,3
1396,Shari Ngodup,1,3
1397,John Kretschmer,1,3
1398,Debbie Mangal,1,3
1399,Helen Billis,1,3
1400,Yen Johnston,1,3
1401,Hong Pham,1,3
1402,Linda Bachiochi,1,3
1403,Lily DiNocco,1,3
1404,Ned Miller,1,3
1405,Shana Petingill,1,3
1406,Jennifer Cloninger,1,3
1407,Elias Robinson,1,3
1408,Libby Fidelia,1,3
1409,Catherine Ybarra,1,3
1410,Ashanti Price,1,3
1411,Makenna Rojas,1,3
1412,Rory Stone,1,3
1413,Ann Montgomery,1,3
1414,Erin Holder,1,3
1415,Aubrey Kim,1,3
1416,Edward Love,1,3
1417,Paisley Avery,1,3
1418,Kaiden Leblanc,1,3
1419,Shania Bauer,1,3
1420,Danna Hines,1,3
1421,Bennett Bowen,1,3
1422,Gianna Lopez,1,3
1423,Azaria Young,1,3
1424,Aydin Bautista,1,3
1425,Antoine Schaefer,1,3
1426,Milagros Cobb,1,3
1427,Jean Duffy,1,3
1428,Campbell Doyle,1,3
1429,Deven Vincent,1,3
1430,Evangeline Downs,1,3
1431,Kaley Ali,1,3
1432,Madeline Bernard,1,3
1433,Alijah Singh,1,3
1434,Ayla Roberts,1,3
1435,Isai Mcfarland,1,3
1436,Brent Dominguez,1,3
1437,Lorena Graves,1,3
1438,Lucian Mora,1,3
1439,Dangelo Gould,1,3
1440,Humberto Horn,1,3
1441,Miranda Chavez,1,3
1442,Makena Mcintosh,1,3
1443,Armani Crawford,1,3
1444,Eugene Bird,1,3
1445,Connor Larsen,1,3
1446,Harley Mccullough,1,3
1447,Lucian Montoya,1,3
1448,Shiloh Baird,1,3
1449,Tara Alvarado,1,3
1450,Raina Vaughan,1,3
1451,Sienna Bullock,1,3
1452,Tyrese Goodman,1,3
1453,Giovanni Landry,1,3
1454,Javon Moses,1,3
1455,Alonso Williams,1,3
1456,Kamila Rosales,1,3
1457,Jadiel French,1,3
1458,Brennan Jefferson,1,3
1459,Noe Glenn,1,3
1460,Vaughn Kim,1,3
1461,Anabel Evans,1,3
1462,Elisabeth Irwin,1,3
1463,Bo Bradford,1,3
1464,Dustin Beasley,1,3
1465,Dean Winters,1,3
1466,Chanel Dougherty,1,3
1467,Phoebe Dorsey,1,3
1468,Coleman Bridges,1,3
1469,Juliet Bautista,1,3
1470,Julia Lawrence,1,3
1471,Kinley Dean,1,3
1472,Karina Mccarthy,1,3
1473,Ruben Kirby,1,3
1474,Alexia Hughes,1,3
1475,Miles Gill,1,3
1476,Kaden Woodard,1,3
1477,Frida Wilkins,1,3
1478,Kamron Doyle,1,3
1479,Blaine Rose,1,3
1480,Elena Gilmore,1,3
1481,Ashlynn Moses,1,3
1482,Esmeralda Galvan,1,3
1483,Ignacio Wiley,1,3
1484,Lorena Mahoney,1,3
1485,Krystal Atkinson,1,3
1486,Soren Merritt,1,3
1487,Frida Salazar,1,3
1488,Annie Peters,1,3
1489,Zoie Mercado,1,3
1490,Joanna Arias,1,3
1491,Tristian Wilcox,1,3
1492,Zoey Spence,1,3
1493,Bradley Barnes,1,3
1494,Juliana Schroeder,1,3
1495,Yasmin Warren,1,3
1496,Izabella Barron,1,3
1497,Victoria Soto,1,3
1498,Cody Beard,1,3
1499,Abigayle Mccann,1,3
1500,Brenden Marks,1,3
1501,Jaqueline Gallagher,1,3
1502,Abagail Banks,1,3
1503,Nickolas Guzman,1,3
1504,Guillermo Rose,1,3
1505,Moises Brock,1,3
1506,Hayden Richmond,1,3
1507,Evelin Sellers,1,3
1508,Dereon Hayes,1,3
1509,Marlee Mathis,1,3
1510,Alice House,1,3
1511,Jonathon Thompson,1,3
1512,Kendal Abbott,1,3
1513,Holly Taylor,1,3
1514,Hadassah Blackburn,1,3
1515,Shaylee Hall,1,3
1516,Richard Nelson,1,3
1517,Leyla Davila,1,3
1518,Kolten Calhoun,1,3
1519,Camille Livingston,1,3
1520,Lilianna Colon,1,3
1521,Chaim Patrick,1,3
1522,Amara Castillo,1,3
1523,Joel Eaton,1,3
1524,Priscilla Walters,1,3
1525,Nehemiah Leach,1,3
1526,Ashtyn Huynh,1,3
1527,Tristen Reed,1,3
1528,Braedon Chandler,1,3
1529,Nikolas Hancock,1,3
1530,Demetrius Sanders,1,3
1531,Tiana Perry,1,3
1532,Rene Pena,1,3
1533,Angelo Fox,1,3
1534,Ernesto Madden,1,3
1535,Amari Christian,1,3
1536,Lilly Turner,1,3
1537,Rayne Simpson,1,3
1538,Aaron Tapia,1,3
1539,Aimee Santana,1,3
1540,Raegan Stanton,1,3
1541,Johan Sosa,1,3
1542,Stacy Bonilla,1,3
1543,Valery Holder,1,3
1544,Skye Cochran,1,3
1545,Jerimiah Mendez,1,3
1546,Madden Lam,1,3
1547,Nicole Stone,1,3
1548,Brice Christian,1,3
1549,Sage Potter,1,3
1550,Kyle Peck,1,3
1551,Zaniyah Roman,1,3
1552,Katie Gutierrez,1,3
1553,Walker Baird,1,3
1554,Zackery Sutton,1,3
1555,Hazel Ponce,1,3
1556,Joey Alvarez,1,3
1557,Titus Day,1,3
1558,Bella Norris,1,3
1559,Braden Ballard,1,3
1560,Aron Graham,1,3
1561,Shamar Cross,1,3
1562,Kailee Harmon,1,3
1563,Alice Kaufman,1,3
1564,Cesar House,1,3
1565,Guillermo Lynn,1,3
1566,Myles Hart,1,3
1567,Deborah Kline,1,3
1568,Patricia Pruitt,1,3
1569,Alice Craig,1,3
1570,Mariana Copeland,1,3
1571,Nick Merritt,1,3
1572,Chance Warner,1,3
1573,Ryann Tapia,1,3
1574,Diego Hays,1,3
1575,Gabriel Adams,1,3
1576,Rohan Mcdowell,1,3
1577,Sullivan Whitehead,1,3
1578,Lilliana Randolph,1,3
1579,Presley Salazar,1,3
1580,Lilianna Lynn,1,3
1581,Gerardo Sampson,1,3
1582,Miguel Kim,1,3
1583,Muhammad Mcpherson,1,3
1584,Myles Jensen,1,3
1585,Alessandro Harris,1,3
1586,Eugene Reyes,1,3
1587,Shamar Guzman,1,3
1588,Mohammed Mcintyre,1,3
1589,Travis Morgan,1,3
1590,Alessandro Fuller,1,3
1591,Kamden Ochoa,1,3
1592,Charlee Wiggins,1,3
1593,Natalia Hamilton,1,3
1594,Kierra Boone,1,3
1595,Charlie Ramirez,1,3
1596,Chris Johnson,1,3
1597,John Bentley,1,3
1598,Myla Mcintyre,1,3
1599,Demarcus Ware,1,3
1600,Devon Daniels,1,3
1601,Odin Heath,1,3
1602,Bryanna Mahoney,1,3
1603,Ashlynn Thompson,1,3
1604,Ansley Duke,1,3
1605,Izaiah Quinn,1,3
1606,Hillary Clements,1,3
1607,Diana Cameron,1,3
1608,Rhianna Allison,1,3
1609,Ramon Watson,1,3
1610,Raegan Spence,1,3
1611,Jacoby Singleton,1,3
1612,Kara Yates,1,3
1613,Beau Barron,1,3
1614,Giovanna Morton,1,3
1615,Braelyn Dominguez,1,3
1616,Rhett Andrews,1,3
1617,Terrell Crosby,1,3
1618,Corbin Roberson,1,3
1619,Micheal Drake,1,3
1620,Evie Mclaughlin,1,3
1621,Robert Hubert,1,3
1622,Matthew Westinghouse,1,3
1623,Jason Smith,1,3
1624,Charlie Wang,1,3
1625,Kurt Navathe,1,3
1626,Katie Roper,1,3
1627,Maggie Rachael,1,3
1628,Binh Le,1,3
1629,Lucia Peterson,1,3
1630,Nola Moss,1,3
1631,Chance Braun,1,3
1632,Alma Pennington,1,3
1633,Miley French,1,3
1634,Kole Levine,1,3
1635,Azul Watkins,1,3
1636,Landen Blanchard,1,3
1637,Leroy Norman,1,3
1638,Nikhil Pineda,1,3
1639,Kadence Simon,1,3
1640,Elliot Phillips,1,3
1641,Taniya Daniels,1,3
1642,Julia Jimenez,1,3
1643,Kamden Paul,1,3
1644,Octavio Hicks,1,3
1645,Jaidyn Malone,1,3
1646,Cora Perez,1,3
1647,Isis Ayala,1,3
1648,Charlee Calhoun,1,3
1649,Walter Pruitt,1,3
1650,Julie Harrington,1,3
1651,Amara Wood,1,3
1652,Nevaeh Ponce,1,3
1653,Greta Fields,1,3
1654,Zackery Hess,1,3
1655,Chloe Gould,1,3
1656,Elyse Chandler,1,3
1657,Isaias Briggs,1,3
1658,Allison Frank,1,3
1659,Joaquin Hahn,1,3
1660,Drake Nicholson,1,3
1661,Kenna Porter,1,3
1662,Peter Wong,1,3
1663,Fatima Pennington,1,3
1664,Lainey Ayers,1,3
1665,Tania Jennings,1,3
1666,Kara Ferrell,1,3
1667,George Sheppard,1,3
1668,Taniyah Mcmillan,1,3
1669,Kole Avila,1,3
1670,Ernest Munoz,1,3
1671,Rose Jordan,1,3
1672,Amaris Torres,1,3
1673,Titus Lowe,1,3
1674,Savanah Prince,1,3
1675,Dawson Pollard,1,3
1676,Moises Day,1,3
1677,Sadie Sheppard,1,3
1678,Soren Coleman,1,3
1679,Sage Morris,1,3
1680,Lillian Steele,1,3
1681,Deanna Meza,1,3
1682,Troy Todd,1,3
1683,Beckett Shea,1,3
1684,Eve Barker,1,3
1685,Lillie Wilkerson,1,3
1686,Alexis Harrell,1,3
1687,Mylee Snow,1,3
1688,Elsa Mckenzie,1,3
1689,Kolby Reed,1,3
1690,Kyler Morales,1,3
1691,Jasiah Walton,1,3
1692,Urijah Brandt,1,3
1693,Gianna Pope,1,3
1694,Malia Reynolds,1,3
1695,Claire Gordon,1,3
1696,Joshua Hall,1,3
1697,Mattie Peters,1,3
1698,Makai Nolan,1,3
1699,Trevon Briggs,1,3
1700,Gretchen Weeks,1,3
1701,Corey Hurst,1,3
1702,Alison Pugh,1,3
1703,Kadence Sandoval,1,3
1704,Mckenzie Kim,1,3
1705,Randall Miller,1,3
1706,Lailah Hughes,1,3
1707,Quentin Calderon,1,3
1708,Molly Fischer,1,3
1709,Anaya Stanton,1,3
1710,Jaden Houston,1,3
1711,Lance Bailey,1,3
1712,Quintin Hicks,1,3
1713,Mauricio Meyers,1,3
1714,Tess Reilly,1,3
1715,Reece Callahan,1,3
1716,Tyrell Fuentes,1,3
1717,Benjamin Kaufman,1,3
1718,Ayla Mcgrath,1,3
1719,Katelyn Stevens,1,3
1720,Jaiden Christian,1,3
1721,Elliott Odonnell,1,3
1722,Ronnie Dillon,1,3
1723,Gideon Saunders,1,3
1724,Valerie Davis,1,3
1725,Jamarcus Thomas,1,3
1726,Alden Powers,1,3
1727,Haylie Arnold,1,3
1728,James Cockel,1,3
1729,Donna Brill,1,3
1730,Kristen Squatrito,1,3
1731,Erasumus Monkfish,1,3
1732,May Roberson,1,3
1733,Shana Maurice,1,3
1734,Raul Garcia,1,3
1735,Rachael Baczenski,1,3
1736,Enrico Langton,1,3
1737,Colleen Zima,1,3
1738,Phil Close,1,3
1739,Hang T Wolk,1,3
1740,Lei-Ming Nguyen,1,3
1741,Denisa S Dobrin,1,3
1742,Maryellen Jackson,1,3
1743,David Gordon,1,3
1744,Mei Trang,1,3
1745,Lindsey Langford,1,3
1746,Brad Pitt,1,3
1747,Susan Good,1,3
1748,Ashley Rose,1,3
1749,Kaeden Gonzales,1,3
1750,Alissa Frey,1,3
1751,Presley Steele,1,3
1752,Boston Avila,1,3
1753,Rodolfo Michael,1,3
1754,Felix Fritz,1,3
1755,Amira Mcmillan,1,3
1756,Annabelle Graham,1,3
1757,Leia Mccann,1,3
1758,Henry Gray,1,3
1759,Jose Houston,1,3
1760,Janessa Mcconnell,1,3
1761,Samson Ellis,1,3
1762,Lauren Kent,1,3
1763,Mckenzie Mack,1,3
1764,Donavan Chavez,1,3
1765,Haiden Coffey,1,3
1766,Kasey Alexander,1,3
1767,Kenneth Peters,1,3
1768,Lucia Hudson,1,3
1769,Rashad Randall,1,3
1770,Hayley York,1,3
1771,Salma Shepard,1,3
1772,Hallie Thornton,1,3
1773,Tiana Bishop,1,3
1774,Regina Garcia,1,3
1775,Julie Cochran,1,3
1776,Yamilet Pierce,1,3
1777,Amare Hartman,1,3
1778,Cannon Lee,1,3
1779,Yael Hodge,1,3
1780,Colton Booker,1,3
1781,Abril Cunningham,1,3
1782,Braxton House,1,3
1783,Destiney Pearson,1,3
1784,Trystan Ramos,1,3
1785,Miley Gutierrez,1,3
1786,Tara Hoover,1,3
1787,Layla Gutierrez,1,3
1788,Jakayla Hall,1,3
1789,Jayson Ferguson,1,3
1790,Nick Daniels,1,3
1791,Marvin Abbott,1,3
1792,Sawyer Oliver,1,3
1793,Linda Barajas,1,3
1794,Chance Blackwell,1,3
1795,Antonio Mccoy,1,3
1796,Emmett Mercado,1,3
1797,Clara Wheeler,1,3
1798,Kieran Morse,1,3
1799,Aliyah Schmitt,1,3
1800,Kyan Morrison,1,3
1801,Rayan Stephenson,1,3
1802,Gael Jacobs,1,3
1803,Stephany Neal,1,3
1804,Trevon Deleon,1,3
1805,Phoenix Pitts,1,3
1806,Nola Gillespie,1,3
1807,Jeramiah Schwartz,1,3
1808,Aaden Mercer,1,3
1809,Nathalia Good,1,3
1810,Zaria Benton,1,3
1811,Miley Ortega,1,3
1812,Julia Farmer,1,3
1813,Valentin Lam,1,3
1814,Darnell Ritter,1,3
1815,Kierra Lozano,1,3
1816,Jamari Dunn,1,3
1817,Zoey Page,1,3
1818,Kendra Velez,1,3
1819,Alison Fuller,1,3
1820,Toby Cooley,1,3
1821,Emilie Hood,1,3
1822,Cortez Pena,1,3
1823,Abbigail Blanchard,1,3
1824,Abby Curtis,1,3
1825,Giana Moore,1,3
1826,Giada Santos,1,3
1827,Jessie Church,1,3
1828,Kaylah Ramos,1,3
1829,Camille Fritz,1,3
1830,Deangelo Murillo,1,3
1831,Emerson Gallagher,1,3
1832,April Bentley,1,3
1833,Ainsley Booth,1,3
1834,Dereon Huffman,1,3
1835,Colin Cherry,1,3
1836,Karla Hines,1,3
1837,Colton Decker,1,3
1838,Jayleen Tran,1,3
1839,Aydin Perry,1,3
1840,Jenna Casey,1,3
1841,Remington Bullock,1,3
1842,Delaney Stewart,1,3
1843,Saige Jones,1,3
1844,Camryn Fritz,1,3
1845,Amanda Lambert,1,3
1846,Winston Callahan,1,3
1847,Maverick Lang,1,3
1848,Harold Reid,1,3
1849,Cindy York,1,3
1850,Breanna Cardenas,1,3
1851,Tripp Blake,1,3
1852,Elaine Moon,1,3
1853,Jaime Morrow,1,3
1854,Leslie Potts,1,3
1855,Keith Haas,1,3
1856,Matteo Oneal,1,3
1857,Erik Graham,1,3
1858,Lailah Haney,1,3
1859,Mohamed Gay,1,3
1860,Frankie Banks,1,3
1861,Lorelei Glass,1,3
1862,Marie Moyer,1,3
1863,Amari Bowen,1,3
1864,Prince Dickerson,1,3
1865,Lane Church,1,3
1866,Cassie Nolan,1,3
1867,Mauricio Buchanan,1,3
1868,Briana Wang,1,3
1869,Salma Blackwell,1,3
1870,Shelby Frazier,1,3
1871,Lindsay Becker,1,3
1872,Reyna Good,1,3
1873,Nathalie Rivera,1,3
1874,Saniyah Schroeder,1,3
1875,Taylor Mann,1,3
1876,Rylee Stevenson,1,3
1877,Waylon Pennington,1,3
1878,Kobe Crosby,1,3
1879,Carmen Davidson,1,3
1880,Sidney Moran,1,3
1881,Alena Bonilla,1,3
1882,Baron Luna,1,3
1883,Giselle Butler,1,3
1884,Sophie Horne,1,3
1885,Jabari Guerrero,1,3
1886,Ahmed Montgomery,1,3
1887,Esther Spears,1,3
1888,Darian Wall,1,3
1889,Kaleb Cole,1,3
1890,Anthony Terrell,1,3
1891,William Douglas,1,3
1892,Saniya Buck,1,3
1893,Kristopher Owen,1,3
1894,Hadley Tapia,1,3
1895,Lillie Bush,1,3
1896,Lamont Cook,1,3
1897,Danna Rollins,1,3
1898,Shaun Velazquez,1,3
1899,Kolton Duarte,1,3
1900,Jonas Braun,1,3
1901,Meadow Howe,1,3
1902,Sarahi Raymond,1,3
1903,Taylor Wiggins,1,3
1904,Ezra Zhang,1,3
1905,Sonia Chung,1,3
1906,Bryce Mills,1,3
1907,Wade Wiggins,1,3
1908,Selina Gonzalez,1,3
1909,Tyree Parsons,1,3
1910,Adrian Murray,1,3
1911,Kael Fisher,1,3
1912,Erica French,1,3
1913,Damaris Oneal,1,3
1914,Rebecca Craig,1,3
1915,Carley Waters,1,3
1916,Kadyn Harrison,1,3
1917,Megan Huang,1,3
1918,Callum Blair,1,3
1919,Emilie Donaldson,1,3
1920,Darius Duke,1,3
1921,Kenya Decker,1,3
1922,Tyrese Sloan,1,3
1923,Giana Roach,1,3
1924,Teagan Swanson,1,3
1925,Jerome Fischer,1,3
1926,Grayson Preston,1,3
1927,Turner Bradley,1,3
1928,Elvis Daniels,1,3
1929,Rose Travis,1,3
1930,Frank Williams,1,3
1931,Yurem Donovan,1,3
1932,John Smith,1,3
1933,Lynn Daneault,1,3
1934,Donysha Kampew,1,3
1935,Jordin Lozano,1,3
1936,Ronald Gross,1,3
1937,Maryjane Choi,1,3
1938,Madalynn Yates,1,3
1939,Angelina Peck,1,3
1940,Dario Shaw,1,3
1941,Deven Frazier,1,3
1942,Jett Kent,1,3
1943,Zander Aguilar,1,3
1944,Alessandro Chavez,1,3
1945,Jaxson Brady,1,3
1946,Giovanni Whitaker,1,3
1947,Karen Goodman,1,3
1948,Skyla Lambert,1,3
1949,Ashlynn Duffy,1,3
1950,Lilliana Walker,1,3
1951,Lindsay Copeland,1,3
1952,Kristin Mccarty,1,3
1953,Barbara Sutwell,1,3
1954,Lenora Tejeda,1,3
1955,Ludwick Harrell,1,3
1956,Courtney Beatrice,1,3
1957,Melisa Gerke,1,3
1958,Lin Chan,1,3
1959,Kamrin Sander,1,3
1960,Thomas Rhoads,1,3
1961,Nina Panjwani,1,3
1962,Megan Faller,1,3
1963,Judy Jung,1,3
1964,April Evensen,1,3
1965,Julissa Hunts,1,3
1966,Kristie Nowlan,1,3
1967,Dawn Motlagh,1,3
1968,Theresa Wallace,1,3
1969,Allison Lydon,1,3
1970,Trina Alagbe,1,3
1971,Betsy Bondwell,1,3
1972,Joe Smith,1,3
1973,Lisa Lunquist,1,3
1974,Jene'ya Darson,1,3
1975,Hunter Cannon,1,3
1976,Jon Lynn,1,3
1977,Paxton Clarke,1,3
1978,Lillian Hines,1,3
1979,Liam Snow,1,3
1980,Arianna Horton,1,3
1981,Ayanna Short,1,3
1982,Steve Charles,1,3
1983,Ricardo Bruce,1,3
1984,Laura Gutierrez,1,3
1985,Braxton Rojas,1,3
1986,Sage Mercer,1,3
1987,Chase Horn,1,3
1988,Juliana Dyer,1,3
1989,Alec Stephens,1,3
1990,Adriana Weber,1,3
1991,Lola Hensley,1,3
1992,Shamar Delgado,1,3
1993,Emmanuel Huang,1,3
1994,Brenna Decker,1,3
1995,Averie Wolfe,1,3
1996,Gaige Marsh,1,3
1997,Karli Ross,1,3
1998,Amiyah Beasley,1,3
1999,Kayla Gibbs,1,3
2000,Jocelyn Jackson,1,3
2001,Gilbert Newman,1,3
2002,Roberto Rosales,1,3
2003,Justice Rhodes,1,3
2004,Adyson Esparza,1,3
2005,Laci Baird,1,3
2006,Samson Meza,1,3
2007,Deacon Bass,1,3
2008,Kaila Johnston,1,3
2009,Cayden Maynard,1,3
2010,Araceli Mcguire,1,3
2011,Naomi Hardin,1,3
2012,Darnell Eaton,1,3
2013,Zariah Ritter,1,3
2014,Malaki Richards,1,3
2015,Markus Robles,1,3
2016,Angela Kaufman,1,3
2017,Shaniya Wolfe,1,3
2018,Anya Morton,1,3
2019,Emery Peck,1,3
2020,Angelique Mathis,1,3
2021,Marlee Woods,1,3
2022,Jocelyn Valentine,1,3
2023,Sophie Moran,1,3
2024,Yair Snyder,1,3
2025,Shamar Herman,1,3
2026,Ishaan Schaefer,1,3
2027,Liam Figueroa,1,3
2028,Linda Combs,1,3
2029,Marilyn Moss,1,3
2030,Yuliana Nelson,1,3
2031,August Wiley,1,3
2032,Lindsay Pennington,1,3
2033,Nico Villarreal,1,3
2034,Jaliyah Conway,1,3
2035,Raymond Gillespie,1,3
2036,Joey Montes,1,3
2037,Ian Hester,1,3
2038,Weston Rios,1,3
2039,Carson Pennington,1,3
2040,Brynlee Crawford,1,3
2041,Sanai Rose,1,3
2042,Luna Arroyo,1,3
2043,Lorelai Hale,1,3
2044,Darrell Horne,1,3
2045,Itzel Nunez,1,3
2046,Serena Lutz,1,3
2047,Gwendolyn Gray,1,3
2048,Khalil Lee,1,3
2049,Corinne Navarro,1,3
2050,Meadow Atkins,1,3
2051,Jaden Charles,1,3
2052,Blaine Contreras,1,3
2053,Kolten Kim,1,3
2054,Erika Mata,1,3
2055,Beau Olsen,1,3
2056,Kelly Ellis,1,3
2057,Nikhil Rivas,1,3
2058,Brady Boyd,1,3
2059,Alfred Manning,1,3
2060,Angelina Russell,1,3
2061,King Garrison,1,3
2062,Kale Middleton,1,3
2063,Kailyn Montgomery,1,3
2064,Philip Cobb,1,3
2065,Bria Spence,1,3
2066,Ellie Holder,1,3
2067,Denzel Clark,1,3
2068,Sidney Lewis,1,3
2069,Simon Rivers,1,3
2070,Branson Schneider,1,3
2071,Maren Whitehead,1,3
2072,Gilbert Hensley,1,3
2073,Armani Barker,1,3
2074,Tamia Byrd,1,3
2075,Oliver Richardson,1,3
2076,Nathalia Larson,1,3
2077,Laurel Chan,1,3
2078,Alejandra Barnes,1,3
2079,Emilio Daniel,1,3
2080,Ellie Robbins,1,3
2081,Vicente Hansen,1,3
2082,Jordan Kemp,1,3
2083,Edith Richard,1,3
2084,Dustin Snow,1,3
2085,Layton Goodwin,1,3
2086,Eliza Munoz,1,3
2087,Arianna Durham,1,3
2088,Lia Orr,1,3
2089,Ethan Rhodes,1,3
2090,Alexis Nielsen,1,3
2091,Adalyn Bass,1,3
2092,Hadley Benson,1,3
2093,Carlee Lang,1,3
2094,Eli Flores,1,3
2095,Lyric Solomon,1,3
2096,Jerome Howard,1,3
2097,Parker Fritz,1,2
2098,Phillip Fuentes,1,5
2099,Drake Wiggins,1,4
2100,Lucy Santos,1,4
2101,Justice Curry,1,5
2102,Valeria Zavala,1,2
2103,Nola Sellers,1,5
2104,Andre Fields,1,2
2105,Joel Hanson,1,4
2106,Tony Mendoza,1,2
2107,Jacqueline Black,1,1
2108,Denise Mccullough,1,2
2109,Zain Tanner,1,5
2110,Richard Deleon,1,4
2111,Carmelo Hayden,1,5
2112,Emilio Pierce,1,4
2113,Emerson Wood,1,2
2114,Abagail Moran,1,4
2115,Nikhil Cummings,1,2
2116,Stanley Bowen,1,4
2117,Terrell Hanna,1,2
2118,Dale Mendoza,1,5
2119,Marcos Carey,1,5
2120,Simeon Pittman,1,2
2121,Jenna Cochran,1,5
2122,Tia Kent,1,5
2123,Chace Farley,1,2
2124,Spencer Hicks,1,2
2125,Leslie Zamora,1,4
2126,Chasity Kennedy,1,1
2127,Makena Benitez,1,4
2128,Remington Walton,1,2
2129,Raina Best,1,2
2130,Paulina Henderson,1,1
2131,Kaiya Marsh,1,4
2132,Scarlett Brooks,1,2
2133,Makhi Kramer,1,1
2134,Beatrice Faulkner,1,2
2135,Valeria Mayo,1,2
2136,Darrell Vaughan,1,1
2137,Carlos Murphy,1,5
2138,Wilson Sloan,1,2
2139,Kaleb Elliott,1,2
2140,Harley Jones,1,2
2141,Casey Dixon,1,2
2142,Josue Gentry,1,2
2143,Adelaide Meyer,1,1
2144,Pierre Craig,1,2
2145,Leo Hickman,1,1
2146,Frankie Franklin,1,2
2147,Vance Cain,1,4
2148,Joel Koch,1,5
2149,Cheyanne Hess,1,5
2150,Ishaan Sheppard,1,5
2151,Areli Mitchell,1,1
2152,Alexis Kirby,1,2
2153,Alfred Caldwell,1,4
2154,Julianna Vang,1,4
2155,Arthur Wilson,1,4
2156,Ariel Osborn,1,3
2157,Ansley Arias,1,4
2158,Melany Stafford,1,3
2159,Matias Burns,1,5
2160,Aden George,1,3
2161,Rodolfo Franklin,1,3
2162,Juliet Wall,1,3
2163,London Contreras,1,1
2164,Kyler Burton,1,3
2165,Yasmine Hughes,1,3
2166,Dillon Sullivan,1,3
2167,Kendrick Ashley,1,3
2168,Rashad Mayo,1,3
2169,Larissa Warner,1,3
2170,Delilah Cooke,1,3
2171,Simone Sharp,1,3
2172,Cristofer Mcbride,1,3
2173,Charlize Wong,1,3
2174,Adelaide Herman,1,3
2175,Kason Ellison,1,2
2176,Tyree Weaver,1,2
2177,Landen Figueroa,1,4
2178,Francis Robbins,1,4
2179,Raphael Solomon,1,4
2180,Zariah Castaneda,1,5
2181,Trevin Lambert,1,5
2182,Nathalie Hays,1,4
2183,Bria Bush,1,5
2184,Mason Brewer,1,2
2185,Salvatore Snyder,1,5
2186,Vivian Hickman,1,1
2187,Amaris Kirk,1,5
2188,Grant York,1,2
2189,Tyree Mahoney,1,5
2190,Kimberly Horn,1,5
2191,Paul Moreno,1,5
2192,Macey Christian,1,1
2193,Joel Bowen,1,4
2194,Isis Vega,1,2
2195,Josie Mercer,1,2
2196,Ellie Ortega,1,5
2197,Adrien Maddox,1,4
2198,Landyn Velez,1,1
2199,Lilly Haynes,1,4
2200,Bianca Cardenas,1,4
2201,Cayden Bartlett,1,2
2202,Desiree Walker,1,4
2203,Colton Le,1,1
2204,Leonidas Bridges,1,2
2205,Gia Franco,1,4
2206,Audrina Williams,1,5
2207,Sam Knight,1,5
2208,Lisa Galia,1,5
2209,Rick Clayton,1,5
2210,Julia Soto,1,4
2211,Leonara Lindsay,1,5
2212,Savanna Mayo,1,1
2213,Branden Khan,1,5
2214,Aiden Wade,1,4
2215,Conrad Ochoa,1,1
2216,Jaylyn Bruce,1,1
2217,Kaylie Ayers,1,4
2218,Abdullah Arellano,1,4
2219,Hazel Lane,1,5
2220,Lilah Harrison,1,4
2221,Cedric Sawyer,1,4
2222,Caiden Lam,1,4
2223,Isla Hawkins,1,2
2224,Hadley Nash,1,4
2225,Milo Jensen,1,2
2226,Zechariah Strong,1,1
2227,Raymond Maldonado,1,5
2228,Kayley Romero,1,4
2229,Antonio Gray,1,4
2230,Kane Mcfarland,1,2
2231,Kylie Ellis,1,2
2232,Jovan Giles,1,5
2233,Sheldon Castillo,1,1
2234,Ariel Barnes,1,2
2235,Kyson Grimes,1,1
2236,Princess Long,1,1
2237,Lyla Wong,1,2
2238,Shyanne Livingston,1,2
2239,Dario Whitney,1,5
2240,Pedro Nelson,1,2
2241,Carlo Carr,1,2
2242,Aileen Pacheco,1,4
2243,Dorian Wu,1,4
2244,Monica Pham,1,4
2245,Londyn Underwood,1,5
2246,Britney Logan,1,4
2247,Alessandra Novak,1,2
2248,Ariel Powers,1,2
2249,Jewel Bryant,1,4
2250,Irene Kim,1,5
2251,Carla Willis,1,2
2252,Ricardo Fitzgerald,1,4
2253,Steven Jarvis,1,1
2254,Benjamin Marquez,1,2
2255,Gabrielle Mercer,1,2
2256,Kaylyn Pham,1,5
2257,Ingrid Lucero,1,2
2258,Keshawn Gilmore,1,2
2259,Connor Wang,1,1
2260,Rocco Vaughan,1,1
2261,Samuel Jennings,1,2
2262,Shane Harper,1,2
2263,Kali Yates,1,2
2264,Piper Guzman,1,5
2265,Halle Pena,1,1
2266,Jameson Eaton,1,5
2267,Antony Brandt,1,4
2268,Armani Rogers,1,2
2269,Jacoby Lyons,1,1
2270,Dylan Livingston,1,4
2271,Raelynn Compton,1,2
2272,Darryl Richmond,1,2
2273,Ana Stafford,1,4
2274,Carlos Mccoy,1,4
2275,Michael Albert,1,2
2276,Courtney E Wallace,1,1
2277,Amy Dunn,1,5
2278,Kissy Sullivan,1,4
2279,Walter Immediato,1,1
2280,Ebonee Peterson,1,4
2281,Elijiah Gray,1,4
2282,Charles Bozzi,1,4
2283,Sean Quinn,1,4
2284,Jennifer Zamora,1,2
2285,Webster L Butler,1,5
2286,Brannon Miller,1,2
2287,Ketsia Liebig,1,2
2288,Kelley Spirea,1,5
2289,Brandon R LeBlanc,1,4
2290,Debra Houlihan,1,2
2291,Elisa Bramante,1,4
2292,Jonathan Hogland,1,2
2293,David Stanley,1,2
2294,Ariana Strickland,1,4
2295,Everett Jordan,1,5
2296,Ronnie Middleton,1,1
2297,Deandre Richard,1,2
2298,Terry Gay,1,4
2299,Emiliano Rich,1,2
2300,Wesley Nguyen,1,5
2301,Lauren Keith,1,1
2302,Marlene Rhodes,1,4
2303,Penelope Jordan,1,5
2304,Marlon Stanton,1,2
2305,Rosemary Thornton,1,2
2306,Ayanna Lutz,1,1
2307,Case Hahn,1,2
2308,Asia Rivers,1,5
2309,Alexa Mercer,1,2
2310,Jade Sloan,1,5
2311,Araceli Castillo,1,2
2312,Maximilian Carney,1,4
2313,Ayanna Bowman,1,2
2314,Lia Blair,1,1
2315,Marcelo Flowers,1,4
2316,Antwan Gay,1,2
2317,Jaydan Hoffman,1,1
2318,Faith Golden,1,2
2319,Kaylee Harvey,1,5
2320,Kristen Peters,1,4
2321,Hadassah Gallegos,1,2
2322,Ariel Cervantes,1,5
2323,Aubree Villanueva,1,5
2324,Aspen Dixon,1,4
2325,Keenan Jensen,1,1
2326,Malakai Whitehead,1,2
2327,Parker Cunningham,1,4
2328,Kadyn Herring,1,4
2329,Aubree Anderson,1,2
2330,John Forbes,1,2
2331,Violet Willis,1,1
2332,Jaime Austin,1,4
2333,Natalee Lane,1,1
2334,Iris Preston,1,4
2335,Magdalena Fischer,1,4
2336,Walter Dominguez,1,4
2337,Hallie Macias,1,4
2338,Ivan Hull,1,4
2339,India Kemp,1,1
2340,Alice Dudley,1,5
2341,Jesus Hendricks,1,2
2342,Eli Owens,1,5
2343,Emelia Mcintyre,1,4
2344,Jaden Bates,1,1
2345,Nyla Schwartz,1,2
2346,Taryn Black,1,4
2347,Karley Novak,1,1
2348,Payten Harvey,1,1
2349,Reagan Atkinson,1,4
2350,Rey Werner,1,2
2351,Kendall Mcintyre,1,4
2352,Anahi Frye,1,2
2353,Dalia Booth,1,2
2354,Charlee Navarro,1,2
2355,Karter Perry,1,1
2356,Sariah Little,1,4
2357,Antoine Murray,1,1
2358,Summer Huang,1,4
2359,Jaylyn Contreras,1,2
2360,Brenna York,1,1
2361,Braden Wiggins,1,2
2362,Nola Bullock,1,2
2363,Kaleigh Keller,1,2
2364,Milagros Jimenez,1,5
2365,Timothy Goodwin,1,1
2366,Reese Kennedy,1,2
2367,Mariam Doyle,1,5
2368,Clinton Brennan,1,1
2369,Maximilian Moyer,1,5
2370,Salvador Robinson,1,5
2371,Ahmed Mcmahon,1,1
2372,Junior York,1,2
2373,Marilyn Wiley,1,2
2374,Selena Hebert,1,2
2375,Selena Adkins,1,1
2376,Erica Sloan,1,4
2377,Payton Nolan,1,4
2378,Leticia Parks,1,2
2379,Carolyn Sosa,1,2
2380,German Higgins,1,2
2381,Heath Romero,1,2
2382,Davion Friedman,1,1
2383,Danny Thomas,1,4
2384,Matthias Dunlap,1,5
2385,Sawyer Little,1,2
2386,Uriel Brennan,1,1
2387,Gretchen Richards,1,1
2388,Madden Roman,1,2
2389,Keshawn Singh,1,2
2390,Barrett Obrien,1,1
2391,Gisselle Villanueva,1,1
2392,Demetrius Mendez,1,1
2393,Rhett Holmes,1,5
2394,Harold David,1,2
2395,Terrell Guerra,1,1
2396,Reginald Klein,1,1
2397,Marcos Sloan,1,2
2398,Davion Hahn,1,5
2399,Brice Phillips,1,4
2400,Alvaro Le,1,2
2401,Darien Young,1,5
2402,Hayley Chung,1,2
2403,Ellis Maldonado,1,4
2404,Alena Ibarra,1,2
2405,Emily Davidson,1,4
2406,Nickolas Stephens,1,1
2407,Lamont Prince,1,4
2408,Gunner Boone,1,5
2409,Kaitlin Cooke,1,4
2410,Sam Gross,1,2
2411,Nathaly Stuart,1,2
2412,Frankie Yang,1,2
2413,Alexus Greer,1,4
2414,Julianne Shaw,1,2
2415,Raelynn Lara,1,4
2416,Leland Chang,1,2
2417,Hayley Webb,1,4
2418,Teagan Rodriguez,1,1
2419,Kaylyn Joyce,1,2
2420,Carleigh Garrison,1,5
2421,Brycen York,1,2
2422,Rigoberto Gibson,1,2
2423,Yael Garcia,1,1
2424,Jonathon Montes,1,2
2425,Alexzander Guzman,1,2
2426,Gunnar Gray,1,2
2427,Emilee Thompson,1,5
2428,Emmett Chandler,1,4
2429,Vincent Ramsey,1,4
2430,Dallas Ross,1,2
2431,Elvis Kaufman,1,4
2432,Rayna Gates,1,2
2433,Darryl Wiley,1,1
2434,Liam Blevins,1,5
2435,Easton Zavala,1,2
2436,Susan Wiggins,1,4
2437,Alison Evans,1,2
2438,Humberto Rocha,1,5
2439,Cordell Vazquez,1,5
2440,Teagan Fletcher,1,1
2441,Camden Mcclure,1,2
2442,Larissa Garza,1,1
2443,Camron Jenkins,1,1
2444,America Buchanan,1,4
2445,Avery Koch,1,2
2446,Devan Hall,1,5
2447,Jensen Mccullough,1,4
2448,Kristin Hickman,1,4
2449,Chana Fox,1,4
2450,Vivian Bright,1,1
2451,Rosa Rosales,1,5
2452,Fabian Mullins,1,2
2453,Mila Poole,1,1
2454,Callum Mccormick,1,5
2455,Jakob Luna,1,2
2456,Odin Sampson,1,5
2457,George Meyers,1,2
2458,Angelica Gamble,1,2
2459,Bradyn Pham,1,4
2460,Konner Pierce,1,2
2461,Tucker Haas,1,5
2462,Lainey York,1,2
2463,Ava Chan,1,4
2464,Marquise Pacheco,1,2
2465,Callum Miles,1,2
2466,Natasha Valdez,1,2
2467,Talia Barrett,1,5
2468,Kailyn Torres,1,5
2469,Uriah Pennington,1,4
2470,Cesar Hunter,1,5
2471,Brianna Hurley,1,2
2472,Ariel May,1,2
2473,Anastasia Hardy,1,4
2474,Aliana Blake,1,4
2475,Houston Burnett,1,4
2476,Case Conley,1,2
2477,Trevin Shannon,1,2
2478,Braden Nicholson,1,5
2479,Mireya Sutton,1,4
2480,Jason Foss,1,2
2481,Simon Roup,1,1
2482,Eric Dougall,1,4
2483,Peter Monroe,1,2
2484,Brian Champaigne,1,4
2485,Alex Sweetwater,1,4
2486,Ricardo Ruiz,1,5
2487,Leo Cooper,1,4
2488,Braedon Welch,1,1
2489,Graham Villa,1,5
2490,Kyle Ali,1,4
2491,Giovanna Romero,1,1
2492,Natalya Norman,1,2
2493,Connor Carrillo,1,4
2494,Owen Burch,1,4
2495,Abel Bush,1,1
2496,Selina Mullins,1,2
2497,Marilyn Chaney,1,4
2498,Camron Keller,1,4
2499,Ali Benjamin,1,4
2500,Annabelle Frederick,1,2
2501,Joy Sellers,1,2
2502,Charlie Brady,1,2
2503,Ally Goodman,1,5
2504,Vanessa Zuniga,1,4
2505,Carleigh Hendricks,1,1
2506,Trey Johnston,1,5
2507,Adalyn Hess,1,5
2508,Selina Tapia,1,5
2509,Madeleine Paul,1,2
2510,Ronald Lamb,1,1
2511,Ernesto Beltran,1,4
2512,Lawrence Obrien,1,4
2513,Trinity Estes,1,2
2514,Amina Bush,1,1
2515,Mayra Lynn,1,4
2516,Ally Brennan,1,5
2517,Alina Benson,1,2
2518,Rebekah Delacruz,1,4
2519,Melody Wright,1,4
2520,Richard Oconnell,1,1
2521,Olivia Goodman,1,1
2522,Zaniyah Parks,1,4
2523,Maximilian Williamson,1,5
2524,Serena Barajas,1,1
2525,Larry Novak,1,2
2526,Kadyn Marsh,1,1
2527,Nylah Hood,1,2
2528,Rigoberto Allen,1,1
2529,Gabriella Clements,1,2
2530,Hana Lucero,1,2
2531,Luciana Gill,1,2
2532,Demetrius Cooley,1,4
2533,Chandler Reynolds,1,1
2534,Iyana Benjamin,1,1
2535,Antoine Haney,1,2
2536,Alfred Rivas,1,2
2537,Darien Sawyer,1,2
2538,Isaias Pineda,1,5
2539,Casey Bradford,1,2
2540,London Bautista,1,4
2541,Kayleigh Davenport,1,1
2542,Koen Flores,1,4
2543,Ernest Finley,1,2
2544,Wade Hernandez,1,1
2545,Odin Key,1,4
2546,Deven Huff,1,4
2547,Kenna Simon,1,4
2548,Luz Garza,1,1
2549,Tristan Reed,1,5
2550,Beckett Beck,1,5
2551,Coby Giles,1,1
2552,Jalen Jennings,1,5
2553,Ralph Barrera,1,2
2554,Shania Caldwell,1,1
2555,Colby Horne,1,2
2556,Kaiden Cunningham,1,2
2557,Davion Vasquez,1,2
2558,Maeve Gordon,1,4
2559,Monserrat Ferguson,1,1
2560,Nathan Schmitt,1,4
2561,Ashly Mullen,1,2
2562,Angelique Cochran,1,4
2563,Kenny Rojas,1,2
2564,Deandre Oneal,1,1
2565,Adison Huerta,1,2
2566,Elisabeth Bradley,1,2
2567,Sylvia Price,1,5
2568,Eden Choi,1,4
2569,Emerson Grimes,1,2
2570,Ayden Wu,1,4
2571,Hayley Keller,1,2
2572,Alannah Rivas,1,4
2573,Jessica Bunbury,1,4
2574,Giovanni Leruth,1,2
2575,Ricardo Gonzales,1,4
2576,Caitrin Strong,1,1
2577,Jenna Dietrich,1,2
2578,Michelle Carter,1,5
2579,Jackie Valentin,1,2
2580,Alfred Digitale,1,2
2581,Howard Mullaney,1,1
2582,Whitney Gill,1,1
2583,Gerry Friedman,1,5
2584,Noah Villanueva,1,4
2585,Mike Guilianno,1,2
2586,Travis Ozark,1,4
2587,Rylee Frye,1,5
2588,Callum Ford,1,5
2589,Jabari Frank,1,5
2590,Stephanie Wilkinson,1,5
2591,Cruz Arellano,1,4
2592,Rubi Shields,1,2
2593,Sage Booker,1,1
2594,Aileen Wright,1,1
2595,Karly Ho,1,4
2596,Thaddeus Lutz,1,2
2597,Layla Kane,1,2
2598,Yesenia Payne,1,4
2599,Jase Waters,1,2
2600,Thomas Sloan,1,2
2601,Anya Baldwin,1,1
2602,Jacquelyn Austin,1,2
2603,Kaitlynn Aguirre,1,2
2604,Saniyah Cantu,1,5
2605,Jakayla Dickson,1,4
2606,Aspen Freeman,1,2
2607,Lamont Summers,1,2
2608,Lewis Hobbs,1,4
2609,Harrison Camacho,1,2
2610,Ronald Marquez,1,2
2611,Arabella Hunter,1,2
2612,Amiya Richardson,1,4
2613,Raquel Sosa,1,5
2614,Andy Stewart,1,5
2615,Patrick Padilla,1,4
2616,Destiney Navarro,1,1
2617,Yadira Barron,1,4
2618,Anika Bender,1,4
2619,Carlo Giles,1,5
2620,Kaylin Dillon,1,1
2621,Laura Bullock,1,2
2622,Mary Moore,1,4
2623,Harper Clark,1,2
2624,Charles Howard,1,2
2625,Jaron Rojas,1,2
2626,Jordyn Mcguire,1,4
2627,Valentino Myers,1,4
2628,Charles Coleman,1,2
2629,Kamden Cummings,1,1
2630,Kiley Wagner,1,5
2631,Darien Young,1,2
2632,Madeline Suarez,1,4
2633,Zain Nolan,1,5
2634,Hezekiah Mcgee,1,4
2635,Maxim Phillips,1,1
2636,Gwendolyn Hogan,1,5
2637,Kaia Hernandez,1,5
2638,Mathias Tran,1,2
2639,Simeon Roy,1,2
2640,Magdalena Whitehead,1,4
2641,Gwendolyn Mccall,1,2
2642,Demarion Harrington,1,4
2643,Katelyn Brown,1,5
2644,Miranda Keith,1,5
2645,Breanna Kerr,1,4
2646,Saniya Ho,1,1
2647,Rylan Key,1,5
2648,Nathaly Stevens,1,2
2649,Maximus Delgado,1,4
2650,Karley Long,1,1
2651,Demarcus Frazier,1,2
2652,Fernando Richard,1,4
2653,Keon Gonzalez,1,1
2654,Lauryn Anthony,1,4
2655,Amanda Allison,1,2
2656,Urijah Houston,1,4
2657,Trace Brandt,1,2
2658,Yuliana Levine,1,2
2659,Bailey Hays,1,2
2660,Sanaa Valenzuela,1,4
2661,Avah Hayes,1,2
2662,Cody Bates,1,2
2663,Eli Grant,1,5
2664,Felipe Rollins,1,1
2665,Abdiel Good,1,4
2666,Kaylyn Frye,1,4
2667,Marisol Alvarez,1,2
2668,Lane Willis,1,2
2669,Jade Becker,1,1
2670,Vincent Logan,1,1
2671,Nasir Glass,1,5
2672,Quincy Shannon,1,1
2673,Alena Walter,1,4
2674,Clay Compton,1,1
2675,Kayden Fernandez,1,5
2676,Bryson Giles,1,2
2677,Demarcus Small,1,1
2678,Presley Dodson,1,5
2679,Christine Giles,1,5
2680,Jasmine Rogers,1,2
2681,Jaime Greer,1,1
2682,Keagan Hutchinson,1,2
2683,Charlize Ballard,1,4
2684,Kendrick Pollard,1,5
2685,Meadow Reed,1,2
2686,Ryker Hopkins,1,4
2687,Bruno Ashley,1,2
2688,Luciana Steele,1,1
2689,Johnathon Serrano,1,1
2690,Joaquin Cuevas,1,4
2691,Soren Downs,1,1
2692,Ralph Stone,1,4
2693,Malcolm Rivas,1,4
2694,Adam Beltran,1,4
2695,Isis Ortega,1,2
2696,Meadow Delgado,1,4
2697,Benjamin Goodman,1,1
2698,Jaycee Alexander,1,4
2699,Cannon Gray,1,5
2700,Brynn Kennedy,1,4
2701,Branden Ali,1,5
2702,Sophie Carrillo,1,2
2703,Saul Shaw,1,5
2704,Isla Mcdaniel,1,4
2705,Lea Cantu,1,2
2706,Yadiel Riggs,1,2
2707,Annalise Olsen,1,4
2708,Theodore Castro,1,2
2709,Emily Freeman,1,2
2710,Madyson Yates,1,5
2711,Rachel Bowers,1,2
2712,Helen Humphrey,1,1
2713,Abagail Villanueva,1,5
2714,Julie Lloyd,1,1
2715,Alejandro Wilkinson,1,4
2716,Yadiel Mata,1,2
2717,Colt Sutton,1,1
2718,Madalyn Prince,1,5
2719,Clara Stewart,1,4
2720,Cheyenne Herman,1,4
2721,Emerson Zavala,1,4
2722,Sawyer Oneal,1,2
2723,Kyleigh Mathis,1,2
2724,Maximus Mcdowell,1,1
2725,Dean Little,1,4
2726,Martin Herrera,1,2
2727,Uriah Briggs,1,5
2728,Kianna Little,1,2
2729,David Kirk,1,2
2730,Alexandra Bryant,1,2
2731,Denzel Jensen,1,1
2732,Fletcher Maxwell,1,2
2733,Davian Davis,1,5
2734,Maxim Mooney,1,4
2735,Santiago Rosales,1,2
2736,Zara Werner,1,5
2737,Darian Hansen,1,4
2738,Kaeden Branch,1,5
2739,Gabriel Swanson,1,4
2740,Madyson Chapman,1,1
2741,Kellen Hill,1,4
2742,Samir Gray,1,2
2743,Stephanie Hampton,1,4
2744,Walter Mayo,1,4
2745,Harley Greer,1,5
2746,Misael Pratt,1,5
2747,Sneha Jhaveri,1,4
2748,Melinda Saar-Beckles,1,1
2749,Elizabeth Meads,1,5
2750,Patrick Moran,1,4
2751,Mathew Linden,1,5
2752,Adeel Osturnka,1,4
2753,Lisa Cornett,1,4
2754,Louis Punjabhi,1,2
2755,Michael Carey,1,2
2756,Earnest Hankard,1,2
2757,Kimberly Beak,1,2
2758,Jonathan R LeBel,1,2
2759,Rick Stoica,1,2
2760,Adil Sahoo,1,2
2761,Barbara Gaul,1,4
2762,Carla Demita,1,4
2763,Paula Gross,1,2
2764,Francesco A Barone,1,2
2765,Rex England,1,4
2766,Trina Hendrickson,1,2
2767,Colleen Volk,1,2
2768,Jean Engdahl,1,2
2769,Paris Blake,1,4
2770,Neveah Bird,1,5
2771,Tia Potter,1,5
2772,Alexandra Bean,1,1
2773,Tony Grimes,1,2
2774,Macy Nielsen,1,5
2775,Toby Yates,1,2
2776,Karlee Davies,1,4
2777,Hector Escobar,1,5
2778,Javon Mckenzie,1,5
2779,Lilly Huynh,1,2
2780,Anika Robbins,1,4
2781,Ishaan Robinson,1,4
2782,Paola Macdonald,1,2
2783,Lorelei Sellers,1,1
2784,Gillian Riddle,1,2
2785,Atticus White,1,4
2786,Virginia Nunez,1,1
2787,Caden Taylor,1,4
2788,Brooks Leach,1,1
2789,Isabel Wyatt,1,4
2790,Angelo Henry,1,4
2791,Joselyn Moss,1,2
2792,Diamond Mcclain,1,1
2793,Eden Dalton,1,1
2794,Emely Parks,1,5
2795,Corinne Hopkins,1,4
2796,Destiny Blake,1,1
2797,Zaria Kidd,1,1
2798,Adam Ingram,1,2
2799,Makenna Foster,1,2
2800,Nayeli Keith,1,1
2801,Devon Shannon,1,5
2802,Lucy Harrington,1,4
2803,Rebecca Francis,1,5
2804,Salma Frederick,1,4
2805,Avery Vance,1,1
2806,Stephany Jenkins,1,2
2807,Brian Kelly,1,2
2808,Keagan Villa,1,4
2809,Kendra Foley,1,2
2810,Jabari Stanton,1,4
2811,Phoenix Farley,1,2
2812,Aurora Bass,1,4
2813,Enrique Parks,1,1
2814,Kylie Cox,1,2
2815,Luke Burke,1,4
2816,Ricardo Mcdonald,1,5
2817,Camila Hodges,1,4
2818,Tripp Sanders,1,2
2819,Davin Wade,1,4
2820,Pierce Bender,1,2
2821,Marin Mosley,1,2
2822,Barrett Sosa,1,4
2823,Eliezer Briggs,1,2
2824,Talan Garrett,1,5
2825,Van Griffin,1,4
2826,Roger Kaufman,1,5
2827,Ignacio Mcintyre,1,4
2828,Jaydon Lambert,1,2
2829,Serenity Carlson,1,2
2830,Leslie Maynard,1,1
2831,Craig Sherman,1,2
2832,Lilyana Huffman,1,5
2833,Jacey Reeves,1,2
2834,Madyson Silva,1,5
2835,Liberty Poole,1,5
2836,Antonio Romero,1,2
2837,Jaylen Butler,1,4
2838,Gloria Marks,1,5
2839,Jaylee Cunningham,1,1
2840,Jordon Wyatt,1,2
2841,Darien Doyle,1,5
2842,Ryan Rollins,1,1
2843,Manuel Haley,1,1
2844,Litzy Lloyd,1,5
2845,Jett York,1,4
2846,Natalia Bush,1,5
2847,Mallory Carey,1,2
2848,Pierre Tate,1,1
2849,Shannon Hurst,1,5
2850,Carleigh Schultz,1,1
2851,Rihanna Briggs,1,4
2852,Eden Levy,1,1
2853,Nathanial Davis,1,5
2854,Eileen Beard,1,2
2855,Kale Potter,1,4
2856,Sage Boyer,1,5
2857,Dane Owens,1,2
2858,Colin Simpson,1,5
2859,Rachel Buckley,1,2
2860,Maria Cameron,1,2
2861,Judith Savage,1,2
2862,Randall West,1,4
2863,Caitlin Palmer,1,4
2864,Luke Heath,1,2
2865,Esperanza Horne,1,1
2866,Jadon Mata,1,2
2867,Gillian Hawkins,1,2
2868,Lisa Griffin,1,5
2869,Nelson Carpenter,1,2
2870,Sanai Sweeney,1,4
2871,Tania Taylor,1,5
2872,Greta Horne,1,2
2873,Jordyn Snyder,1,4
2874,Alex Collins,1,1
2875,Harley Walker,1,4
2876,Luka Novak,1,4
2877,Skylar Riggs,1,2
2878,Shania Barrera,1,2
2879,Trystan Fernandez,1,2
2880,Aimee Berg,1,4
2881,Kyson Scott,1,4
2882,Lamar Kirk,1,4
2883,Slade Lynn,1,4
2884,Riley Leon,1,2
2885,Humberto Yoder,1,1
2886,Michelle Pearson,1,2
2887,Natalya Reyes,1,5
2888,Celia Mcpherson,1,5
2889,Matias Barton,1,1
2890,Caitlyn Vaughan,1,2
2891,Addyson Pollard,1,1
2892,Laila Wiggins,1,2
2893,Terrance Wiggins,1,2
2894,Aliza Pace,1,4
2895,Mauricio Stein,1,2
2896,Gia Winters,1,4
2897,Aidyn Cuevas,1,4
2898,Angel Santos,1,4
2899,Johnathan Huerta,1,5
2900,Katelyn Garner,1,2
2901,Deshawn Ayers,1,4
2902,Siena Meadows,1,1
2903,Presley Padilla,1,5
2904,Marquis Atkinson,1,4
2905,Gillian Williams,1,1
2906,Anabel Hanna,1,5
2907,Celeste Branch,1,4
2908,Shyanne Cooper,1,1
2909,Nancy Barrett,1,1
2910,Ronan Burke,1,1
2911,Estrella Ho,1,2
2912,Conor Petty,1,4
2913,Cheyanne Munoz,1,2
2914,Jaycee Osborn,1,2
2915,Jordyn Patel,1,1
2916,Michael Acosta,1,2
2917,Janiah Ball,1,4
2918,Brice Medina,1,4
2919,Ismael Bowers,1,5
2920,Caden Silva,1,5
2921,Yadira Dean,1,2
2922,Miles Roberts,1,5
2923,Joel Spence,1,4
2924,Kole Garrison,1,5
2925,Kaylin Andersen,1,4
2926,Yareli Valdez,1,5
2927,Rubi Sanford,1,1
2928,Jayden Bolton,1,5
2929,Izabella Watson,1,2
2930,Jon Galvan,1,2
2931,Halle Chan,1,2
2932,Braeden Moss,1,4
2933,Fernando Mcdowell,1,1
2934,Triston Ewing,1,2
2935,Pablo Yates,1,5
2936,Jordan Hayes,1,1
2937,Kianna Wilkerson,1,2
2938,Paul Steele,1,1
2939,Jason Moyer,1,2
2940,Larissa Taylor,1,5
2941,Aryanna Larson,1,2
2942,Eliana Hammond,1,2
2943,Adrien Krause,1,2
2944,Annie Galloway,1,1
2945,Kamryn Mckinney,1,4
2946,Dahlia Waller,1,2
2947,Alonzo Bradley,1,1
2948,Harley Soto,1,2
2949,Belen Vasquez,1,4
2950,Charlize Rocha,1,4
2951,Aleena David,1,2
2952,Bridger Alvarado,1,4
2953,Cannon Morgan,1,5
2954,Weston Ramsey,1,2
2955,Adison Ray,1,1
2956,Aarav Espinoza,1,2
2957,Destiney Barry,1,1
2958,Ulises Herring,1,4
2959,Marquis Cardenas,1,2
2960,Miya Cruz,1,2
2961,Erin Floyd,1,2
2962,Gerald Johnston,1,1
2963,Kendrick Snyder,1,2
2964,Alyssa Proctor,1,2
2965,Manuel Stout,1,1
2966,Joanna Bradley,1,4
2967,Sade Smith,1,4
2968,Lowan M Biden,1,4
2969,Lauren Peters,1,2
2970,Shenice Gold,1,5
2971,Brigit McCarthy,1,1
2972,Cherly Robinson,1,1
2973,Jacquelyn Williams,1,5
2974,Kayla Peterson,1,5
2975,Bradley J Knapp,1,4
2976,Richard Newman,1,1
2977,Benjamin Burkett,1,2
2978,Sam Athwal,1,4
2979,Lauren Mahoney,1,2
2980,Theresa Tinto,1,2
2981,Caroline Cierpiszewski,1,1
2982,Tanya Foreman,1,2
2983,Roger Walker,1,2
2984,Tayana Jeannite,1,5
2985,Anthony Heitzman,1,1
2986,Violeta Ferreira,1,1
2987,Geoff Dickinson,1,4
2988,Justice Gentry,1,1
2989,Kason Kramer,1,4
2990,Alfredo Perry,1,2
2991,Skyler Drake,1,2
2992,Moshe Copeland,1,4
2993,Harley Nunez,1,4
2994,Sammy Walter,1,4
2995,Ronnie Haas,1,4
2996,Kira Robertson,1,4
2997,Jaqueline Ford,1,2
2998,Trace Cherry,1,1
2999,Travis Cardenas,1,2
3000,Reyna Hicks,1,1
3001,Trent Sandoval,1,5
3002,Reginald Dougherty,1,2
3003,Paul Greer,1,5
3004,Tiara Velez,1,5
3005,Mareli Wilson,1,2
3006,Efrain Underwood,1,1
3007,Madeline Powell,1,2
3008,Alfred Goodman,1,4
3009,Aracely Kelly,1,2
3010,Morgan Velazquez,1,1
3011,Isla Becker,1,5
3012,Scott Sanford,1,1
3013,Deja Ritter,1,1
3014,Amelia Gamble,1,2
3015,Pranav Middleton,1,2
3016,Moshe Hunter,1,4
3017,Arjun Gibson,1,5
3018,Alaina Jenkins,1,2
3019,Elyse Morrow,1,2
3020,Lincoln Brady,1,2
3021,Allisson Braun,1,2
3022,Leonel Chang,1,1
3023,Marshall Lucas,1,2
3024,Haiden Scott,1,2
3025,Kyan Miranda,1,1
3026,Ayanna Garrison,1,2
3027,Alan Woods,1,5
3028,Teagan Phelps,1,2
3029,Malachi Burnett,1,4
3030,Kadin Mcdowell,1,1
3031,Reed Brandt,1,1
3032,Cristofer Schwartz,1,2
3033,Jaelynn Salazar,1,2
3034,Macie Hayes,1,2
3035,Rodney Snow,1,1
3036,Reece Potts,1,2
3037,Catalina Eaton,1,4
3038,Heidi Manning,1,2
3039,Marquis Johns,1,5
3040,Areli Torres,1,5
3041,Rey Morton,1,2
3042,Deven Gillespie,1,4
3043,Rowan Gilbert,1,2
3044,Cullen Ruiz,1,2
3045,Kamron Goodwin,1,2
3046,Claudia Melton,1,4
3047,Francesca Lowe,1,5
3048,Violet Horn,1,2
3049,Carlie Wagner,1,4
3050,Harmony Pruitt,1,4
3051,Briley Huerta,1,5
3052,Ean Barajas,1,5
3053,Dayana Gregory,1,2
3054,Zaniyah Mccarthy,1,1
3055,Matthias Simon,1,2
3056,Lyric Butler,1,5
3057,Bridger Duran,1,4
3058,Amirah Cline,1,1
3059,Izaiah Gallagher,1,1
3060,Marcelo Galvan,1,2
3061,Kaylynn Odom,1,4
3062,Oliver Dalton,1,1
3063,Patience Henry,1,5
3064,London Pennington,1,4
3065,Anna Salazar,1,4
3066,Vicente Davis,1,1
3067,Annabel Lewis,1,4
3068,Alana Nunez,1,5
3069,Jaylen Donaldson,1,4
3070,Malakai Shelton,1,1
3071,Erick Wood,1,2
3072,Daniel Frye,1,1
3073,Jayvon Simpson,1,4
3074,Bryant Singleton,1,1
3075,Adam Meza,1,5
3076,Omari Keller,1,5
3077,Asher Miles,1,1
3078,Makaila Baxter,1,1
3079,Tommy Carter,1,4
3080,Zavier Reese,1,2
3081,Colt Kemp,1,2
3082,Marco Robles,1,1
3083,Nick Palmer,1,2
3084,Mekhi Hopkins,1,4
3085,Eileen Oneal,1,2
3086,Alani Cooley,1,1
3087,Corinne Campos,1,4
3088,Heaven Nelson,1,5
3089,Baylee Castaneda,1,4
3090,Morgan Roth,1,5
3091,Kali Hensley,1,5
3092,Beckett Sandoval,1,2
3093,Isabell Meadows,1,2
3094,Jordin Alexander,1,1
3095,Frederick Carney,1,4
3096,Baron Lindsey,1,5
3097,Rigoberto Gentry,1,4
3098,Rayne Chambers,1,4
3099,Laila Simmons,1,4
3100,Carsen Schmidt,1,5
3101,Bethany Mckay,1,2
3102,Eden Robles,1,2
3103,Abel Snow,1,4
3104,Ashton Winters,1,2
3105,Josie Melton,1,1
3106,Bruno Jimenez,1,4
3107,Elijah Barr,1,4
3108,Oswaldo Hanson,1,2
3109,Samara Roberson,1,2
3110,Luis Frazier,1,2
3111,Jaquan Hancock,1,1
3112,Emanuel George,1,4
3113,Giselle Calderon,1,4
3114,Cullen French,1,2
3115,Braiden Kirby,1,4
3116,Johnathan Harmon,1,5
3117,Camren Bridges,1,2
3118,Jeramiah Chandler,1,2
3119,Dana Stevenson,1,5
3120,Angelique Hogan,1,4
3121,Moriah Dodson,1,4
3122,Connor Bray,1,5
3123,Zaiden Leblanc,1,4
3124,Taliyah Yang,1,5
3125,Boston Cochran,1,4
3126,Amelia Mueller,1,2
3127,Lillianna Hull,1,2
3128,Laci Frederick,1,2
3129,Jayda Chapman,1,5
3130,Kennedy Beard,1,5
3131,Alma Hanna,1,2
3132,Ximena Suarez,1,4
3133,Aydin Dixon,1,5
3134,Heidi Joyce,1,5
3135,Elle Spears,1,4
3136,Cesar Anderson,1,4
3137,Dean Mckenzie,1,2
3138,Isabell Wu,1,4
3139,Kenny Blanchard,1,4
3140,Evie Beard,1,5
3141,Aliya Morton,1,2
3142,Ingrid Wilkins,1,4
3143,Morgan Elliott,1,2
3144,Shannon Lambert,1,2
3145,Prince Petty,1,2
3146,Abril Joseph,1,4
3147,Bobby Levy,1,5
3148,Gustavo Durham,1,2
3149,Teagan Stevens,1,2
3150,Neil Patton,1,2
3151,Khalil Guzman,1,4
3152,Alaina Mayo,1,5
3153,Jagger Morgan,1,4
3154,Donavan Kennedy,1,2
3155,Amy Frederick,1,2
3156,Pierce Charles,1,5
3157,Deegan Pham,1,5
3158,Seth Oneill,1,2
3159,Mollie Woodward,1,4
3160,Baylee Warner,1,4
3161,Celeste Allison,1,1
3162,Camryn Clark,1,5
3163,Geovanni Crawford,1,4
3164,Danielle Blanchard,1,5
3165,Kasey Pineda,1,2
3166,Kenzie Friedman,1,2
3167,Destinee Mejia,1,4
3168,Deshawn Henry,1,2
3169,Cristian Ritter,1,4
3170,Demarcus Huffman,1,2
3171,Regina Lopez,1,5
3172,Justice Clark,1,4
3173,Tucker Sweeney,1,1
3174,Roy Pratt,1,5
3175,Raphael Whitney,1,1
3176,Cade Palmer,1,1
3177,Abel Potts,1,1
3178,Wayne Leon,1,1
3179,Amya Armstrong,1,2
3180,Johnny Whitehead,1,4
3181,Antwan Clayton,1,4
3182,Dexter Preston,1,2
3183,Uriah Guerrero,1,3
3184,Dakota Oliver,1,5
3185,Selena Yoder,1,2
3186,Kaila Flowers,1,2
3187,Dashawn Ramirez,1,3
3188,Meghan Ray,1,4
3189,Jasiah Palmer,1,1
3190,Jaiden Hawkins,1,2
3191,Monserrat Miranda,1,2
3192,Johnathon Lynch,1,3
3193,Dayanara Murray,1,3
3194,Alessandro Sawyer,1,1
3195,Kaylen Hogan,1,2
3196,Karley Michael,1,2
3197,Erik Parks,1,1
3198,Violet Bennett,1,2
3199,Hannah Jacobi,1,2
3200,Peter Robertson,1,4
3201,Josephine Bugali,1,4
3202,Dallas Leach,1,4
3203,Marianne Eaton,1,4
3204,Bruno Rossetti,1,4
3205,Roxana Goyal,1,4
3206,Thomas Barbara,1,2
3207,Lynn O'hare,1,5
3208,Abdellah Veera,1,2
3209,Daniel Davis,1,5
3210,Barbara M Stanford,1,5
3211,Phylicia Gosciminski,1,2
3212,Mohammed Latif,1,5
3213,Hamish Garneau,1,2
3214,Morissa Power,1,2
3215,Jason Woodson,1,3
3216,Janine Purinton,1,5
3217,Sarah Akinkuolie,1,3
3218,Spencer Cole,1,5
3219,Luisa Monterro,1,3
3220,Sandy Mckenna,1,1
3221,Savanah Baker,1,4
3222,Gloria Small,1,2
3223,Alisa Aguirre,1,5
3224,Sterling Davila,1,5
3225,Saniya Bradley,1,3
3226,Drake Ashley,1,4
3227,Rosemary Manning,1,2
3228,Adrianna Johnston,1,2
3229,Ruby Bean,1,1
3230,Annalise Avila,1,1
3231,Carley Irwin,1,2
3232,Makenzie Mercer,1,1
3233,Julia Vargas,1,2
3234,Parker Harrison,1,3
3235,Emmett York,1,2
3236,Landin Walton,1,5
3237,Landon Mayo,1,4
3238,Abby Estes,1,4
3239,Rachael Pena,1,3
3240,Kyan Fritz,1,2
3241,Lana Vega,1,1
3242,Alma Fischer,1,3
3243,Harley Peterson,1,2
3244,Kade Stokes,1,2
3245,Leonel Tanner,1,1
3246,Natalia Burns,1,4
3247,Hailee Raymond,1,3
3248,Micah Douglas,1,5
3249,Kaley Pollard,1,3
3250,Seth Fletcher,1,2
3251,Elliana Thomas,1,5
3252,Edward Chung,1,4
3253,Tessa Estes,1,2
3254,Charlie Carson,1,3
3255,Lawson Zuniga,1,3
3256,Coleman Huffman,1,5
3257,Sanaa Reilly,1,3
3258,Slade Randolph,1,2
3259,Dania Hale,1,2
3260,Roland Orozco,1,3
3261,Kaylen Fisher,1,4
3262,Kasey Preston,1,4
3263,Cruz Davila,1,2
3264,Alani Phillips,1,5
3265,Giovanni Klein,1,1
3266,Max Mahoney,1,2
3267,Perla Terry,1,5
3268,Makai Ochoa,1,2
3269,Caiden Hogan,1,1
3270,Brandon Dickerson,1,2
3271,Taryn Snow,1,3
3272,Monserrat Cooke,1,3
3273,Zaria Mcintosh,1,4
3274,Arely May,1,3
3275,Gina Kent,1,3
3276,Catherine Anthony,1,2
3277,Wade Beltran,1,5
3278,Mina Bryant,1,4
3279,Jonas Everett,1,5
3280,Makaila Pham,1,5
3281,Gloria Rose,1,5
3282,Rebekah Carpenter,1,3
3283,Iris Reynolds,1,3
3284,Kennedi Howell,1,2
3285,Rashad Sutton,1,4
3286,Regan Conrad,1,3
3287,Litzy Arias,1,1
3288,Eden Silva,1,2
3289,Kinley Serrano,1,4
3290,Jaiden Middleton,1,3
3291,Shamar Serrano,1,2
3292,Nadia Romero,1,4
3293,Lillianna Hill,1,3
3294,Brent Henry,1,3
3295,Emmanuel Perkins,1,5
3296,Isis Brooks,1,2
3297,Axel Dunlap,1,4
3298,Tatum Petty,1,5
3299,Devyn Pace,1,4
3300,Rosemary Becker,1,2
3301,Amiah Sweeney,1,1
3302,Maya Mccoy,1,4
3303,Ty Page,1,3
3304,Destiney Kirby,1,4
3305,Jace Galloway,1,4
3306,Justice Guerra,1,4
3307,Quincy Cardenas,1,4
3308,Alyvia Mitchell,1,3
3309,Lillie Potter,1,1
3310,George Fritz,1,3
3311,William Avila,1,4
3312,Saniya Mosley,1,4
3313,Aimee Davila,1,3
3314,German Hobbs,1,4
3315,Amy Pace,1,3
3316,Bronson Houston,1,3
3317,Shyann Hurst,1,3
3318,Maddison Dixon,1,3
3319,Madelynn Murillo,1,3
3320,Zachery Moreno,1,5
3321,Tatum Terrell,1,2
3322,Roland Berg,1,4
3323,Lilliana Cowan,1,4
3324,Beatrice Vance,1,3
3325,Andrea Khan,1,3
3326,Keagan Vaughan,1,3
3327,Selah Ibarra,1,1
3328,Braylen Cruz,1,3
3329,Gabriel Smith,1,4
3330,Esther Willis,1,4
3331,Sydney Chang,1,2
3332,Will Morse,1,3
3333,Yael Sexton,1,3
3334,Brendon Ryan,1,3
3335,Abbigail Solis,1,3
3336,Sincere Preston,1,3
3337,Jorge Pineda,1,3
3338,Aspen Underwood,1,3
3339,Alyson Hickman,1,5
3340,Mina Hancock,1,3
3341,Konner Sheppard,1,1
3342,London Nunez,1,2
3343,Seth Huff,1,4
3344,Justine Villanueva,1,3
3345,Moshe Anderson,1,4
3346,Kadyn Bush,1,2
3347,Ahmed Lindsey,1,3
3348,Ryder Bray,1,2
3349,Taylor Bonilla,1,3
3350,Jalen Richmond,1,5
3351,Kayden Hill,1,2
3352,Aubree Mooney,1,3
3353,Haven Donaldson,1,3
3354,Neil Dunn,1,3
3355,Darryl Ponce,1,5
3356,Cade Heath,1,3
3357,Sidney Hooper,1,1
3358,Johnathan Mayo,1,3
3359,Anika Arroyo,1,3
3360,Fatima Kemp,1,2
3361,Lilianna Conway,1,3
3362,Tony Cooke,1,1
3363,Trevor Barry,1,5
3364,Marisa Frank,1,3
3365,Shania Flores,1,3
3366,Andre Allison,1,4
3367,Destiny Bright,1,2
3368,Karli Parks,1,5
3369,Mylie Callahan,1,2
3370,Jadiel Dickson,1,3
3371,Aliya Moss,1,3
3372,Kylie Roman,1,4
3373,Karter Thornton,1,2
3374,Ronald Bullock,1,4
3375,Sharon Beltran,1,3
3376,Maren Anderson,1,5
3377,Cruz Ashley,1,4
3378,Enzo Carney,1,3
3379,Marquis Joseph,1,4
3380,Victor Ibarra,1,1
3381,Annabelle Marquez,1,3
3382,Romeo Gordon,1,5
3383,Aimee Hughes,1,2
3384,Dennis Hays,1,3
3385,Kelly Fritz,1,3
3386,Darnell Shelton,1,2
3387,Sabrina Holt,1,3
3388,Zoie Logan,1,1
3389,Finley Medina,1,1
3390,Lizeth Middleton,1,1
3391,Odin Camacho,1,3
3392,Dakota Lowery,1,2
3393,Skyla Santiago,1,3
3394,Harley Beard,1,2
3395,Summer Barber,1,3
3396,Stephen Mcmillan,1,4
3397,Rylan Garrison,1,3
3398,Kyler Cherry,1,3
3399,Corinne Reeves,1,2
3400,Lorenzo Short,1,1
3401,Taniya Kane,1,1
3402,Nevaeh Mcmillan,1,3
3403,Dillon Larson,1,3
3404,Willie Howe,1,2
3405,Selina Jefferson,1,1
3406,Serenity Montgomery,1,5
3407,Kamila Sanders,1,5
3408,Rose Mcguire,1,3
3409,Brenton Zavala,1,4
3410,Laci Klein,1,3
3411,Brenda Boone,1,2
3412,Andrea Walters,1,3
3413,Jovanny Matthews,1,5
3414,Hunter Silva,1,3
3415,Julien Cisneros,1,3
3416,Aron Waters,1,2
3417,Brayden Singh,1,1
3418,Karma Palmer,1,4
3419,Stanley Reyes,1,2
3420,Levi Hayden,1,2
3421,Brenden Leach,1,1
3422,Jakobe Erickson,1,3
3423,Adyson Strickland,1,3
3424,Annabel Wilkins,1,2
3425,Kendra Braun,1,2
3426,Chace Kerr,1,2
3427,Uriah Bridges,1,4
3428,Paula Small,1,3
3429,Edward Buck,1,4
3430,Michael Riordan,1,2
3431,Jasmine Onque,1,3
3432,Maruk Fraval,1,3
3433,Latia Costa,1,4
3434,Sharlene Terry,1,2
3435,Jac McKinzie,1,3
3436,Joseph Martins,1,5
3437,Myriam Givens,1,5
3438,Dheepa Nguyen,1,3
3439,Bartholemew Khemmich,1,3
3440,Xana Potts,1,3
3441,Prater Jeremy,1,4
3442,Kaylah Moon,1,2
3443,Kristen Tate,1,3
3444,Bobby Rodgers,1,3
3445,Reid Park,1,4
3446,Hector Dalton,1,2
3447,Mariela Schultz,1,3
3448,Angela Molina,1,3
3449,Gerald Preston,1,5
3450,Reilly Moyer,1,2
3451,Carlee French,1,3
3452,Jaydon Blackburn,1,2
3453,Bridger Carter,1,4
3454,Leon Beard,1,4
3455,Charity Miranda,1,4
3456,Axel Howe,1,3
3457,Milton Wall,1,3
3458,Cory Robinson,1,3
3459,Saniya Yu,1,2
3460,Alisa James,1,3
3461,Lincoln Compton,1,1
3462,Aliana Nolan,1,3
3463,Kayden Dodson,1,1
3464,James Duke,1,5
3465,Willow Stuart,1,3
3466,Clayton Walker,1,4
3467,Celia Curtis,1,1
3468,Valentin Reilly,1,4
3469,Ryland Shepherd,1,3
3470,Esteban Gilbert,1,3
3471,Jonathan Adkins,1,4
3472,Nevaeh Soto,1,4
3473,Chaim Mata,1,2
3474,Arely Patton,1,2
3475,Vance Trujillo,1,2
3476,Charlie Koch,1,2
3477,Sonny Horne,1,2
3478,Thomas Chandler,1,2
3479,Sarai Stone,1,2
3480,Jerimiah Harmon,1,1
3481,Leland Allen,1,4
3482,Cristal Bolton,1,2
3483,Jaslene Harding,1,1
3484,Albert Gonzalez,1,4
3485,Jaiden Johnson,1,5
3486,Brendon Mcconnell,1,4
3487,Kimora Parsons,1,4
3488,Willie Patterson,1,2
3489,Devyn Powers,1,2
3490,Weston Preston,1,2
3491,Lennon Buchanan,1,5
3492,Vicente Merritt,1,1
3493,Hugo Clay,1,5
3494,Cohen Raymond,1,4
3495,Tia Ellis,1,4
3496,Aspen Bentley,1,5
3497,Graham Rodriguez,1,1
3498,Joel Mcmillan,1,2
3499,Maci Frost,1,5
3500,Nevaeh Lucas,1,1
3501,Garrett Zimmerman,1,4
3502,Eugene Marks,1,1
3503,Geovanni Pugh,1,4
3504,Javon Kelley,1,2
3505,Amaya Hicks,1,1
3506,Laila Woodard,1,2
3507,Ivan Huff,1,4
3508,Aidan Harding,1,5
3509,Cruz Boyer,1,2
3510,Raven Koch,1,2
3511,Karli Barker,1,4
3512,Tyrone Sosa,1,2
3513,Damaris Cisneros,1,5
3514,Alexus Estes,1,1
3515,Kinsley Flowers,1,4
3516,Deborah Love,1,5
3517,Milagros Francis,1,4
3518,Roberto Michael,1,2
3519,Elaine Ewing,1,2
3520,Caiden Munoz,1,1
3521,Jocelyn Bradford,1,4
3522,Marques Armstrong,1,1
3523,Rohan Chapman,1,2
3524,Emmanuel Franklin,1,2
3525,Clayton Mccormick,1,2
3526,Darius Krause,1,4
3527,Ahmed Hawkins,1,1
3528,Kymani Benjamin,1,2
3529,Callum Mcdaniel,1,2
3530,Zariah Black,1,2
3531,Ronnie Mayer,1,1
3532,Marlon Ford,1,1
3533,Slade Griffith,1,2
3534,Lee Frye,1,4
3535,Veronica Rowe,1,4
3536,Aylin Berg,1,2
3537,Neveah Rowe,1,2
3538,Keith Baxter,1,2
3539,Chaz Bruce,1,5
3540,Maya Mccann,1,4
3541,Aaron Weber,1,2
3542,Ellie Gill,1,1
3543,Rayne Kerr,1,2
3544,Samara Mcbride,1,2
3545,Ryann Rubio,1,1
3546,Paris Carr,1,1
3547,Adriel Wiggins,1,2
3548,Sanaa Glass,1,1
3549,Ryan Lynch,1,2
3550,Charlie Atkinson,1,1
3551,Emery Roach,1,4
3552,Harper Ramos,1,1
3553,Khalil Mendez,1,4
3554,Lizeth Holland,1,1
3555,Matilda Randall,1,4
3556,Damien Howe,1,2
3557,Nicholas Obrien,1,2
3558,Mildred Gentry,1,1
3559,Wilson K Adinolfi,1,2
3560,Joanne Handschiegl,1,4
3561,Dianna Blount,1,5
3562,Jean Crimmings,1,2
3563,Nore Sadki,1,4
3564,Susan Lundy,1,1
3565,Kramer Keatts,1,4
3566,Maliki Moumanil,1,2
3567,Nader Barton,1,4
3568,Quinn Rarrick,1,2
3569,Beatrice Chace,1,2
3570,Adrienne J Homberger,1,1
3571,Marilyn Linares,1,4
3572,Timothy Sullivan,1,5
3573,Jennifer Medeiros,1,4
3574,Anna Von Massenbach,1,1
3575,George Johnson,1,5
3576,Angela Erilus,1,4
3577,Miguel Estremera,1,4
3578,Clinton Owad,1,2
3579,Constance Sloan,1,4
3580,Davion Sanchez,1,4
3581,Ross Strickland,1,2
3582,Augustus Drake,1,4
3583,Gracelyn Huynh,1,4
3584,Orlando Armstrong,1,4
3585,Edward Everett,1,4
3586,Jaqueline Terrell,1,2
3587,Quinn Mccullough,1,2
3588,Selena Greer,1,2
3589,Giovani Roy,1,1
3590,Dominik Mullen,1,4
3591,Abdullah Ellison,1,5
3592,Andre Guzman,1,3
3593,Brayden Malone,1,1
3594,Maribel Morrison,1,1
3595,Fisher Stafford,1,1
3596,Kellen Medina,1,2
3597,Brenton Monroe,1,1
3598,Derick Rocha,1,1
3599,Elaine Weeks,1,2
3600,Marely Dixon,1,2
3601,Keagan Henson,1,5
3602,Helena Davenport,1,5
3603,Houston Aguirre,1,2
3604,Kane Owen,1,4
3605,Emerson Pitts,1,4
3606,Clarissa Winters,1,3
3607,Frankie Atkins,1,5
3608,Ally Zhang,1,3
3609,Kayleigh Harmon,1,3
3610,Kayley Myers,1,3
3611,Rowan Cobb,1,2
3612,Edward Mann,1,4
3613,Amirah Johnson,1,1
3614,Bridget Deleon,1,2
3615,Martin Weber,1,2
3616,Ruben Lewis,1,4
3617,Bailey Collier,1,1
3618,Charlee Roth,1,3
3619,Karissa Bowers,1,3
3620,Noel Ramirez,1,2
3621,Victoria Franco,1,2
3622,Danika Fleming,1,3
3623,Jocelyn Kline,1,3
3624,Cesar Higgins,1,4
3625,Gabriel Dodson,1,5
3626,Raphael Sandoval,1,2
3627,Ruth Harrell,1,3
3628,Peyton Barber,1,3
3629,Reginald Lowery,1,5
3630,Stephanie Briggs,1,5
3631,Shaniya Becker,1,3
3632,Ryan Oconnell,1,3
3633,Emma Ware,1,5
3634,Keyon Haley,1,5
3635,Kylee Bates,1,4
3636,Marc Chandler,1,3
3637,Abdullah Pruitt,1,3
3638,Shamar Roth,1,3
3639,Jaylen Acosta,1,3
3640,Kale House,1,3
3641,Kiersten Ellis,1,3
3642,Karissa Carrillo,1,3
3643,Issac Whitehead,1,3
3644,Madisyn Andrews,1,3
3645,Madyson Rhodes,1,3
3646,Brenton Rodriguez,1,3
3647,Nathen Arias,1,3
3648,Keyon Hensley,1,4
3649,Elisha Ruiz,1,4
3650,Amirah Stanley,1,3
3651,Jeremy Meyer,1,3
3652,Owen Dillon,1,3
3653,Bridget Bray,1,3
3654,Cassius Gates,1,4
3655,Martha Kemp,1,3
3656,Francesca Mcmahon,1,5
3657,Lorelei Walls,1,4
3658,Emery Gillespie,1,3
3659,Kaylee Baldwin,1,1
3660,Aron Hester,1,3
3661,Reagan Brennan,1,3
3662,Hugh Berry,1,2
3663,Brandon Anderson,1,3
3664,Diana Garza,1,3
3665,Dalton Bowen,1,3
3666,Davin Peters,1,3
3667,Leyla Warren,1,3
3668,Victoria Allen,1,3
3669,Tyler Hines,1,3
3670,Sandra Atkinson,1,3
3671,Simone Hayes,1,3
3672,Rhett Valenzuela,1,3
3673,Lane Zuniga,1,3
3674,Isabelle Shields,1,3
3675,Mario Mays,1,3
3676,Leah Robinson,1,3
3677,Dayami Bailey,1,3
3678,Ramon Fleming,1,3
3679,Pedro Harrison,1,3
3680,Harrison Hudson,1,3
3681,Taniya Lane,1,3
3682,Rene Wallace,1,4
3683,Kai Gaines,1,3
3684,Noelle Levy,1,3
3685,Kylie Jimenez,1,3
3686,Carly Figueroa,1,1
3687,Bria Mcpherson,1,1
3688,Brynn Harding,1,3
3689,Rashad Wells,1,3
3690,Jaylene Deleon,1,3
3691,Chace Church,1,1
3692,Zayne Hunter,1,3
3693,Amya Vega,1,2
3694,Nickolas West,1,4
3695,Cason Neal,1,4
3696,Aldo Dyer,1,3
3697,Sonia Skinner,1,4
3698,Julien Banks,1,3
3699,Madelyn Mcdonald,1,2
3700,Brenden Nash,1,1
3701,Genesis Coleman,1,2
3702,Justice Branch,1,3
3703,Addisyn Guerrero,1,4
3704,Addisyn Aguilar,1,5
3705,Marcos Gallagher,1,3
3706,Mareli Parker,1,3
3707,Joshua Mitchell,1,3
3708,Case Gaines,1,4
3709,Jacey Reyes,1,5
3710,Dean Middleton,1,1
3711,Marlene Bates,1,1
3712,Kyra Ray,1,5
3713,Melanie Kennedy,1,3
3714,Aleena Mercer,1,4
3715,Jake White,1,4
3716,Chaim Chase,1,1
3717,Keshawn Le,1,2
3718,Dalton Frazier,1,4
3719,Cannon Hester,1,3
3720,Crystal Brandt,1,3
3721,Johnny Goodman,1,2
3722,Nehemiah Hancock,1,2
3723,Elliana Villanueva,1,3
3724,Essence Schwartz,1,4
3725,Ryker Cox,1,1
3726,Averi Stevenson,1,4
3727,Katherine Russo,1,3
3728,Aydan Robbins,1,5
3729,Heaven Walls,1,3
3730,Bobby Chung,1,4
3731,Maximus Fields,1,3
3732,Orion Ochoa,1,5
3733,Halle Boyd,1,3
3734,Lindsey Rocha,1,3
3735,Chace Gray,1,1
3736,Carsen Wheeler,1,2
3737,Arielle Escobar,1,5
3738,Kaitlynn Blair,1,3
3739,Amir Melendez,1,3
3740,Monique Buckley,1,4
3741,Clark Blanchard,1,1
3742,Gabriel Pearson,1,2
3743,Mercedes Cook,1,2
3744,Skyler Blankenship,1,5
3745,Jordan Davis,1,4
3746,Bridget Wu,1,3
3747,Gabriel Kirk,1,2
3748,Aron Ali,1,1
3749,Kayden Soto,1,4
3750,Micaela Conner,1,1
3751,Arthur Mitchell,1,3
3752,Deven Morse,1,2
3753,George Villegas,1,4
3754,Arielle Potts,1,1
3755,Maxwell Howell,1,4
3756,Junior Bridges,1,3
3757,Salvatore Noble,1,2
3758,Heath Hodges,1,3
3759,Gabriella Warner,1,1
3760,Ryan Tate,1,3
3761,Hazel Vincent,1,1
3762,Gavyn Riggs,1,2
3763,Giancarlo Cross,1,3
3764,Cristal Bradshaw,1,3
3765,Guadalupe Burke,1,3
3766,Elisa Henry,1,3
3767,Kale Fischer,1,2
3768,Morgan Blackwell,1,4
3769,Ivan Wright,1,3
3770,Nayeli Hood,1,3
3771,Marilyn Smith,1,3
3772,Zoie Rowland,1,3
3773,Ann Nguyen,1,3
3774,Ramiro Savage,1,3
3775,Karma Koch,1,3
3776,Jacqueline Hendrix,1,3
3777,Kaitlin Barker,1,3
3778,Semaj Griffith,1,3
3779,Damian Burke,1,3
3780,Jessie Smith,1,3
3781,Hezekiah Cummings,1,3
3782,Brody House,1,3
3783,Aaliyah Watts,1,3
3784,Ashton Larsen,1,3
3785,Joshua Gibson,1,3
3786,Kyleigh Bauer,1,3
3787,Ramon Schultz,1,3
3788,Maxim Houston,1,3
3789,Deanna Sellers,1,3
3790,Frankie Figueroa,1,3
3791,Bentley Rush,1,3
3792,Alexia Pham,1,3
3793,Roselyn Roberts,1,3
3794,Ayden Chambers,1,5
3795,Kaitlynn Serrano,1,3
3796,Jefferson White,1,3
3797,Maria Grant,1,3
3798,Bryanna Ibarra,1,3
3799,Sophie Zavala,1,3
3800,Amya Grant,1,3
3801,Jaydan Neal,1,3
3802,Amiyah Ramirez,1,3
3803,Kai Holt,1,3
3804,Brendon Wilson,1,3
3805,Nancy Short,1,3
3806,Isabella Wilkins,1,3
3807,Mayra Moss,1,3
3808,Maria Gonzalez,1,3
3809,Jumil Turpin,1,3
3810,Ann Daniele,1,3
3811,Joe South,1,3
3812,Sarah Warfield,1,3
3813,Alejandro Bacong,1,3
3814,Jyoti Lajiri,1,3
3815,Neville Tredinnick,1,3
3816,Anthony Cisco,1,3
3817,Linda Dolan,1,3
3818,Carlos Merlos,1,3
3819,Tanya Morway,1,3
3820,Anita Shepard,1,3
3821,Jeremiah Semizoglou,1,3
3822,Katrina Lambert,1,3
3823,Alexzander Pope,1,3
3824,Derek Holmes,1,3
3825,Danika Deleon,1,3
3826,Sabrina Durham,1,3
3827,Frankie Carrillo,1,3
3828,Quintin Solomon,1,3
3829,Jaqueline Pittman,1,3
3830,Mariana Glass,1,3
3831,Payton Cross,1,3
3832,Sloane Rasmussen,1,3
3833,Elise Vazquez,1,3
3834,Monique Pierce,1,3
3835,Axel Higgins,1,3
3836,Marcos Petty,1,3
3837,Mia Cowan,1,3
3838,Tanya Leonard,1,3
3839,Dereon Page,1,3
3840,Meadow Boyer,1,3
3841,Paris Simpson,1,3
3842,Kyla Durham,1,3
3843,Cassidy Maddox,1,3
3844,Edgar Underwood,1,3
3845,Jaiden Underwood,1,3
3846,Eugene Potts,1,3
3847,Gilbert Klein,1,3
3848,Nathaly Huffman,1,3
3849,Nancy Clay,1,3
3850,Kylie Cantrell,1,3
3851,Vance Marquez,1,3
3852,Dante Wyatt,1,3
3853,Rey Monroe,1,3
3854,Jayden Mckee,1,3
3855,Brady Yoder,1,3
3856,Darwin Allen,1,3
3857,Jasper Harrison,1,3
3858,Bailey Humphrey,1,3
3859,Clare English,1,3
3860,Amy Sherman,1,3
3861,Lizbeth Hunt,1,3
3862,Eden Armstrong,1,3
3863,Eugene Mueller,1,3
3864,Tiffany Washington,1,3
3865,Sloane Moss,1,3
3866,Kaeden Vargas,1,3
3867,Lena Sandoval,1,3
3868,Adrien Olsen,1,3
3869,Damari Brewer,1,3
3870,Annalise Gross,1,3
3871,Kamari Mcgrath,1,3
3872,Lorena Rice,1,3
3873,Eliezer Stokes,1,3
3874,Aspen Reyes,1,3
3875,Rudy Richardson,1,3
3876,Alana Castro,1,3
3877,Oscar Lopez,1,3
3878,Carter Cook,1,3
3879,Liam Hanna,1,3
3880,Zara Pitts,1,3
3881,Abby Woodward,1,3
3882,Litzy Esparza,1,3
3883,Noemi Brewer,1,3
3884,Gilberto Macdonald,1,3
3885,Armando Macias,1,3
3886,Britney Kelly,1,3
3887,Emanuel Haas,1,3
3888,Karlie Drake,1,3
3889,Myla Mullen,1,3
3890,Alan Holland,1,3
3891,Brooklynn Greene,1,3
3892,Maxwell Mcpherson,1,3
3893,Lukas Freeman,1,3
3894,Yesenia Nielsen,1,3
3895,Myah Marsh,1,3
3896,Korbin Gilbert,1,3
3897,Jenna Maddox,1,3
3898,Anaya Preston,1,3
3899,Eugene Pena,1,3
3900,Abel Baker,1,3
3901,Deven Merritt,1,3
3902,Hadassah Moran,1,3
3903,Hezekiah Thompson,1,3
3904,Quintin Fry,1,3
3905,Alayna Hess,1,3
3906,Amaris Miller,1,3
3907,Barrett Wilcox,1,3
3908,Kimberly Watson,1,3
3909,Rebecca Park,1,3
3910,Caleb Schneider,1,3
3911,Vanessa James,1,3
3912,Maribel Copeland,1,3
3913,Henry Zimmerman,1,3
3914,Nathanial Booth,1,3
3915,Rhys Barry,1,3
3916,Jonas Rowland,1,3
3917,Chris Vincent,1,3
3918,Myah Waller,1,3
3919,Yaritza Sherman,1,3
3920,Haley Weaver,1,3
3921,Alessandra Lee,1,3
3922,Kaitlin Hickman,1,3
3923,Giancarlo Juarez,1,3
3924,Walter Zuniga,1,3
3925,Anna Jordan,1,3
3926,Jeffery Gamble,1,3
3927,Misael Hunter,1,3
3928,Audrina Yu,1,3
3929,Jeramiah Foster,1,3
3930,Bruce Wallace,1,3
3931,Giovani Nelson,1,3
3932,Ari Anthony,1,3
3933,Laylah Branch,1,3
3934,Alanna Mullins,1,3
3935,Arjun Tyler,1,3
3936,Donald Favis,1,3
3937,Daniff Hernandez,1,3
3938,Lori Roby,1,3
3939,Thomas Murray,1,3
3940,Karthikeyan Ait Sidi,1,3
3941,Ivan Rogers,1,3
3942,Bianca Roehrich,1,3
3943,Jason Salter,1,3
3944,Julia Zhou,1,3
3945,Thelma Petrowsky,1,3
3946,Jayne Horton,1,3
3947,Renee Becker,1,3
3948,Randall Pearson,1,3
3949,Claudia N Carr,1,3
3950,Noelle Johnson,1,3
3951,Taisha Goble,1,3
3952,Kramer Simard,1,3
3953,Mark Griffith,1,3
3954,Denisse Hayes,1,3
3955,Draven Giles,1,3
3956,Aliana Shaw,1,3
3957,Makaila Nixon,1,3
3958,Mohammed Orr,1,3
3959,Braylen Mendoza,1,3
3960,Andreas Torres,1,3
3961,Maddison Perez,1,3
3962,Charlize Wagner,1,3
3963,Micah Pace,1,3
3964,Marlee Stevens,1,3
3965,Precious Roth,1,3
3966,Konner Villegas,1,3
3967,Anastasia Gillespie,1,3
3968,Emely Rice,1,3
3969,Lewis Nixon,1,3
3970,Macy Webster,1,3
3971,Ciara Acevedo,1,3
3972,Eleanor Patton,1,3
3973,Brooklyn Tanner,1,3
3974,Zander Franco,1,3
3975,Kianna Rhodes,1,3
3976,Kinsley Braun,1,3
3977,Gordon Wu,1,3
3978,Maryjane Cross,1,3
3979,Peyton Phelps,1,3
3980,Carmen Atkins,1,3
3981,Kiara Fox,1,3
3982,Yair Jennings,1,3
3983,Kaylie Velazquez,1,3
3984,Christine Skinner,1,3
3985,Zayne Mccullough,1,3
3986,Dennis Key,1,3
3987,Aydan Benjamin,1,3
3988,Kenzie Mullins,1,3
3989,Asa Pham,1,3
3990,Damarion Schneider,1,3
3991,Talan Rodgers,1,3
3992,Evelin Snow,1,3
3993,Sienna Preston,1,3
3994,Taylor Dennis,1,3
3995,Cortez Murillo,1,3
3996,Leonel Combs,1,3
3997,Carmen Frost,1,3
3998,Ace Krause,1,3
3999,Reuben Davila,1,3
4000,Angelique Mann,1,3
